movie_id,title,release_year,genre,duration_min,catalog_date,popularity_score,quality_score
M0659,Movie 0659,1993,Drama,120,2023-01-01,0.1696,3.27
M0366,Movie 0366,2024,Crime,103,2023-01-02,0.0521,4.1
M0950,Movie 0950,1991,Romance,97,2023-01-02,0.0156,2.65
M0968,Movie 0968,2001,Horror,99,2023-01-03,0.0032,3.71
M1032,Movie 1032,1999,Thriller,110,2023-01-03,0.0039,3.75
M1132,Movie 1132,1999,Action,116,2023-01-03,0.0368,3.48
M0175,Movie 0175,2003,Thriller,109,2023-01-03,0.0778,3.8
M0255,Movie 0255,2012,Sci-Fi,118,2023-01-04,0.0155,4.45
M1133,Movie 1133,2016,Sci-Fi,112,2023-01-04,0.079,4.49
M0155,Movie 0155,2024,Drama,138,2023-01-04,0.0583,4.09
M0620,Movie 0620,2020,Drama,110,2023-01-04,0.0078,3.69
M1157,Movie 1157,2024,Thriller,123,2023-01-05,0.1211,3.07
M0972,Movie 0972,2024,Action,121,2023-01-05,0.0257,3.85
M1087,Movie 1087,1991,Documentary,92,2023-01-05,0.0272,2.97
M1188,Movie 1188,2020,Sci-Fi,112,2023-01-05,0.0185,3.24
M0404,Movie 0404,1997,Horror,85,2023-01-05,0.0471,3.52
M0435,Movie 0435,1992,Documentary,73,2023-01-06,0.0041,3.39
M1141,Movie 1141,2022,Adventure,136,2023-01-06,0.0304,3.75
M0611,Movie 0611,2008,Drama,106,2023-01-06,0.0524,2.68
M0463,Movie 0463,2005,Drama,69,2023-01-07,0.0172,4.29
M0165,Movie 0165,2026,Horror,117,2023-01-08,0.0442,3.44
M0257,Movie 0257,2010,Romance,113,2023-01-08,0.1752,3.99
M0939,Movie 0939,2022,Drama,121,2023-01-09,0.0172,3.79
M0350,Movie 0350,2019,Action,126,2023-01-09,0.0568,2.79
M0294,Movie 0294,1999,Family,93,2023-01-10,0.0133,3.71
M0551,Movie 0551,2013,Comedy,102,2023-01-10,0.0116,4.0
M0317,Movie 0317,1990,Thriller,132,2023-01-11,0.4769,3.43
M0144,Movie 0144,2012,Drama,123,2023-01-11,0.0283,3.55
M0338,Movie 0338,2014,Thriller,83,2023-01-11,0.0038,3.07
M0648,Movie 0648,2024,Horror,104,2023-01-11,0.063,3.84
M0292,Movie 0292,2016,Romance,112,2023-01-11,0.0417,4.56
M0776,Movie 0776,2007,Action,104,2023-01-12,0.006,4.13
M0556,Movie 0556,2025,Romance,94,2023-01-12,0.1247,3.51
M1028,Movie 1028,2008,Adventure,120,2023-01-13,0.0352,3.14
M0452,Movie 0452,2010,Sci-Fi,149,2023-01-14,0.0381,3.48
M0738,Movie 0738,2005,Action,105,2023-01-14,0.0274,2.98
M1179,Movie 1179,2025,Animation,80,2023-01-14,0.0201,3.43
M0177,Movie 0177,2012,Documentary,111,2023-01-16,0.0613,3.82
M0353,Movie 0353,2008,Fantasy,116,2023-01-16,0.0034,2.95
M0940,Movie 0940,1996,Thriller,88,2023-01-16,0.1131,2.89
M0441,Movie 0441,2013,Fantasy,133,2023-01-17,0.052,3.57
M0225,Movie 0225,2025,Thriller,124,2023-01-17,0.0228,4.51
M0910,Movie 0910,2020,Action,145,2023-01-17,0.0369,4.01
M1100,Movie 1100,2005,Adventure,102,2023-01-18,0.0064,3.5
M0197,Movie 0197,2007,Action,113,2023-01-19,0.0171,3.07
M0104,Movie 0104,1997,Fantasy,138,2023-01-19,0.0303,3.47
M0496,Movie 0496,2016,Action,148,2023-01-21,0.0461,3.76
M0032,Movie 0032,2015,Animation,86,2023-01-21,0.0091,4.28
M0259,Movie 0259,1993,Comedy,94,2023-01-21,0.048,3.33
M1069,Movie 1069,1995,Drama,109,2023-01-21,0.0179,3.19
M0495,Movie 0495,2013,Family,118,2023-01-22,0.0125,3.54
M0421,Movie 0421,2024,Drama,131,2023-01-22,0.0346,3.48
M0593,Movie 0593,2017,Drama,126,2023-01-23,0.0553,2.78
M0097,Movie 0097,2000,Thriller,103,2023-01-23,0.0208,3.99
M0583,Movie 0583,2021,Action,101,2023-01-24,0.044,3.12
M0780,Movie 0780,2026,Thriller,111,2023-01-24,0.0087,3.52
M0699,Movie 0699,2021,Drama,115,2023-01-25,0.0759,3.8
M0210,Movie 0210,1992,Romance,112,2023-01-25,0.0148,3.07
M1073,Movie 1073,1994,Thriller,147,2023-01-26,0.0042,3.44
M1058,Movie 1058,2019,Crime,93,2023-01-26,0.2236,3.16
M0446,Movie 0446,2009,Thriller,103,2023-01-26,0.0254,3.92
M1033,Movie 1033,2022,Family,106,2023-01-26,0.0445,5.0
M0853,Movie 0853,2006,Drama,116,2023-01-27,0.0047,3.58
M0565,Movie 0565,2007,Drama,143,2023-01-27,0.0487,3.45
M1076,Movie 1076,2021,Sci-Fi,115,2023-02-01,0.0275,3.49
M0212,Movie 0212,1995,Fantasy,124,2023-02-02,0.0188,2.87
M0682,Movie 0682,1992,Comedy,77,2023-02-02,0.0548,3.83
M0882,Movie 0882,2006,Action,126,2023-02-03,0.0059,3.41
M0728,Movie 0728,2000,Comedy,71,2023-02-03,0.1742,4.08
M0918,Movie 0918,2004,Comedy,116,2023-02-03,0.0207,3.42
M0043,Movie 0043,1999,Drama,116,2023-02-03,0.008,3.48
M0196,Movie 0196,1991,Crime,112,2023-02-04,0.0126,4.02
M0675,Movie 0675,2000,Adventure,119,2023-02-04,0.016,3.84
M0948,Movie 0948,1996,Thriller,117,2023-02-05,0.0646,2.89
M1164,Movie 1164,1994,Comedy,70,2023-02-06,0.0345,3.12
M0822,Movie 0822,1999,Fantasy,142,2023-02-06,0.0059,4.26
M0414,Movie 0414,2014,Action,118,2023-02-07,0.0176,3.27
M0244,Movie 0244,2009,Adventure,86,2023-02-07,0.0869,3.86
M1158,Movie 1158,2014,Crime,129,2023-02-08,0.0853,4.0
M0455,Movie 0455,1994,Animation,107,2023-02-08,0.0418,3.1
M1153,Movie 1153,2002,Romance,115,2023-02-09,0.0338,2.89
M0022,Movie 0022,2014,Comedy,99,2023-02-09,0.1758,4.1
M0238,Movie 0238,2024,Drama,132,2023-02-09,0.0441,4.31
M0340,Movie 0340,2013,Thriller,100,2023-02-10,0.201,3.47
M0607,Movie 0607,1998,Thriller,121,2023-02-11,0.1752,2.96
M0681,Movie 0681,2003,Drama,116,2023-02-11,0.0019,3.61
M1166,Movie 1166,2015,Fantasy,114,2023-02-11,0.1457,4.68
M0047,Movie 0047,1995,Action,114,2023-02-11,0.0158,3.5
M0554,Movie 0554,1990,Crime,116,2023-02-11,0.0287,3.18
M0619,Movie 0619,2015,Drama,114,2023-02-12,0.5785,2.59
M0156,Movie 0156,2011,Documentary,84,2023-02-12,0.0789,2.5
M0198,Movie 0198,1990,Romance,124,2023-02-13,0.0025,4.45
M0875,Movie 0875,2020,Documentary,107,2023-02-13,0.0017,2.76
M0111,Movie 0111,2022,Sci-Fi,123,2023-02-14,0.1311,4.43
M0608,Movie 0608,2009,Comedy,92,2023-02-15,0.0367,4.04
M0723,Movie 0723,2009,Romance,101,2023-02-16,0.0324,2.81
M0336,Movie 0336,2002,Sci-Fi,111,2023-02-16,0.0558,3.44
M1103,Movie 1103,2008,Action,98,2023-02-16,0.0182,3.41
M0386,Movie 0386,1990,Documentary,85,2023-02-16,0.0109,4.05
M0901,Movie 0901,2006,Crime,119,2023-02-17,0.0274,5.0
M0297,Movie 0297,2018,Fantasy,124,2023-02-17,0.1882,3.24
M0836,Movie 0836,2006,Comedy,86,2023-02-17,0.1442,2.93
M1115,Movie 1115,1991,Crime,128,2023-02-18,0.2348,3.36
M0206,Movie 0206,2011,Comedy,64,2023-02-18,0.0469,4.32
M0873,Movie 0873,2014,Horror,102,2023-02-18,0.0126,2.91
M0061,Movie 0061,1997,Adventure,117,2023-02-18,0.0404,4.19
M0654,Movie 0654,2009,Fantasy,138,2023-02-19,0.0692,3.64
M1168,Movie 1168,2007,Sci-Fi,142,2023-02-19,0.0386,4.18
M0424,Movie 0424,1995,Family,103,2023-02-19,0.0161,3.37
M0994,Movie 0994,2011,Action,155,2023-02-19,0.0332,3.62
M0223,Movie 0223,1996,Drama,131,2023-02-20,0.0484,4.11
M1053,Movie 1053,1991,Action,110,2023-02-20,0.0713,3.38
M0266,Movie 0266,2011,Fantasy,136,2023-02-20,0.0364,2.73
M0190,Movie 0190,2017,Romance,127,2023-02-20,0.0161,3.84
M0959,Movie 0959,2024,Documentary,75,2023-02-20,0.0206,4.08
M0108,Movie 0108,1997,Crime,120,2023-02-20,0.1209,2.91
M0516,Movie 0516,2006,Comedy,109,2023-02-20,0.0427,3.55
M1159,Movie 1159,2015,Horror,107,2023-02-21,0.0216,3.16
M0946,Movie 0946,2005,Documentary,105,2023-02-21,0.0382,3.5
M0886,Movie 0886,1995,Horror,112,2023-02-21,0.0228,3.45
M0757,Movie 0757,2015,Action,96,2023-02-21,0.0165,3.54
M0927,Movie 0927,2006,Romance,125,2023-02-21,0.0297,3.1
M0467,Movie 0467,2010,Sci-Fi,123,2023-02-21,0.1103,3.62
M0524,Movie 0524,1991,Documentary,102,2023-02-22,0.4734,3.61
M1018,Movie 1018,2023,Fantasy,104,2023-02-22,0.0222,3.71
M0021,Movie 0021,2003,Comedy,111,2023-02-23,0.03,3.62
M0474,Movie 0474,2015,Drama,78,2023-02-23,0.0354,3.79
M1027,Movie 1027,2012,Action,106,2023-02-23,0.1429,3.33
M1046,Movie 1046,2022,Romance,88,2023-02-24,0.0296,3.76
M1182,Movie 1182,1992,Fantasy,131,2023-02-24,0.0158,2.66
M0464,Movie 0464,2012,Comedy,103,2023-02-24,0.1805,2.82
M0487,Movie 0487,1992,Action,133,2023-02-25,0.1013,3.21
M0656,Movie 0656,2020,Thriller,107,2023-02-25,0.115,2.81
M1095,Movie 1095,1993,Comedy,91,2023-02-26,0.0095,3.28
M0922,Movie 0922,2025,Sci-Fi,86,2023-02-26,0.0211,2.7
M0759,Movie 0759,2025,Crime,125,2023-02-26,0.0348,4.12
M0405,Movie 0405,1992,Comedy,86,2023-02-27,0.0352,3.53
M0630,Movie 0630,2004,Romance,74,2023-02-27,0.0287,3.27
M1040,Movie 1040,2007,Horror,116,2023-03-01,0.0121,3.18
M0579,Movie 0579,2005,Animation,86,2023-03-01,0.0277,3.43
M0947,Movie 0947,2026,Fantasy,131,2023-03-01,0.0219,2.21
M0622,Movie 0622,2008,Animation,112,2023-03-02,0.0102,3.78
M0082,Movie 0082,2000,Drama,121,2023-03-02,0.1035,3.3
M0970,Movie 0970,2009,Sci-Fi,121,2023-03-02,0.8897,3.15
M1030,Movie 1030,2018,Fantasy,104,2023-03-02,0.0041,4.35
M0447,Movie 0447,2010,Drama,130,2023-03-03,0.045,4.44
M0526,Movie 0526,2015,Thriller,99,2023-03-04,0.0162,3.78
M0030,Movie 0030,2012,Animation,94,2023-03-04,0.1877,4.36
M0772,Movie 0772,1992,Documentary,83,2023-03-05,0.0017,3.18
M0176,Movie 0176,2025,Horror,86,2023-03-05,0.0099,4.48
M0381,Movie 0381,1990,Comedy,101,2023-03-05,0.0098,3.38
M0795,Movie 0795,2021,Horror,105,2023-03-05,0.088,3.53
M0136,Movie 0136,1994,Thriller,125,2023-03-05,0.0499,3.89
M1123,Movie 1123,2013,Comedy,101,2023-03-06,0.0848,3.67
M0814,Movie 0814,2008,Horror,99,2023-03-06,0.0085,3.41
M0142,Movie 0142,2003,Sci-Fi,125,2023-03-07,0.0135,3.51
M0473,Movie 0473,2016,Action,107,2023-03-07,0.0334,3.81
M0742,Movie 0742,2025,Comedy,113,2023-03-07,0.0275,3.76
M0208,Movie 0208,2015,Drama,116,2023-03-07,0.0297,3.28
M0103,Movie 0103,2024,Family,100,2023-03-07,0.0051,3.42
M0410,Movie 0410,1990,Comedy,89,2023-03-08,0.4958,4.68
M0775,Movie 0775,1994,Documentary,98,2023-03-08,0.2803,3.09
M0899,Movie 0899,1993,Sci-Fi,115,2023-03-08,0.0344,2.69
M1147,Movie 1147,1999,Sci-Fi,124,2023-03-09,0.0708,1.85
M0376,Movie 0376,1994,Romance,114,2023-03-09,0.0747,3.57
M0513,Movie 0513,2004,Thriller,73,2023-03-09,0.0396,4.31
M1125,Movie 1125,2009,Thriller,121,2023-03-10,0.115,3.4
M0631,Movie 0631,1996,Fantasy,119,2023-03-11,0.0051,3.31
M0713,Movie 0713,1997,Animation,123,2023-03-11,0.0907,2.64
M0569,Movie 0569,2000,Thriller,123,2023-03-12,0.0357,3.3
M1007,Movie 1007,2007,Thriller,112,2023-03-12,0.0547,4.03
M0370,Movie 0370,2009,Family,113,2023-03-12,0.021,3.43
M0661,Movie 0661,2014,Horror,118,2023-03-13,0.2392,3.51
M0890,Movie 0890,2007,Sci-Fi,115,2023-03-13,0.023,3.71
M0953,Movie 0953,2006,Action,116,2023-03-13,0.0082,4.31
M1152,Movie 1152,2010,Thriller,96,2023-03-14,0.0141,3.2
M0063,Movie 0063,2017,Action,103,2023-03-14,0.016,4.14
M0279,Movie 0279,2019,Animation,102,2023-03-14,0.1531,2.87
M0416,Movie 0416,2013,Thriller,89,2023-03-15,0.0493,2.78
M0460,Movie 0460,2013,Sci-Fi,122,2023-03-15,0.2444,3.75
M0921,Movie 0921,2007,Action,114,2023-03-16,0.0301,3.61
M0672,Movie 0672,1999,Family,111,2023-03-16,0.0295,4.26
M0065,Movie 0065,2009,Drama,114,2023-03-16,0.0295,3.3
M0262,Movie 0262,2024,Romance,123,2023-03-17,0.0514,3.15
M0966,Movie 0966,2016,Romance,126,2023-03-17,0.0235,3.93
M0859,Movie 0859,2013,Thriller,119,2023-03-17,0.0318,3.25
M1015,Movie 1015,1991,Drama,104,2023-03-17,0.0107,3.74
M0180,Movie 0180,2004,Crime,108,2023-03-17,0.1394,3.28
M0079,Movie 0079,2008,Romance,87,2023-03-18,0.0141,3.59
M0518,Movie 0518,2016,Adventure,119,2023-03-18,0.0068,4.17
M1005,Movie 1005,2006,Adventure,116,2023-03-19,0.1179,3.09
M0159,Movie 0159,2022,Sci-Fi,118,2023-03-19,0.0091,2.01
M0733,Movie 0733,2005,Action,90,2023-03-19,0.021,4.42
M1020,Movie 1020,2009,Adventure,119,2023-03-21,0.0169,3.76
M0858,Movie 0858,2007,Drama,124,2023-03-21,0.0146,3.28
M0687,Movie 0687,2001,Drama,89,2023-03-22,0.0028,3.21
M0824,Movie 0824,1996,Documentary,95,2023-03-22,0.0503,3.25
M0471,Movie 0471,1992,Horror,116,2023-03-23,0.4787,4.29
M1098,Movie 1098,2006,Animation,88,2023-03-23,0.0102,2.68
M0131,Movie 0131,1999,Horror,118,2023-03-23,0.0104,3.54
M0628,Movie 0628,2004,Adventure,116,2023-03-24,0.0137,3.58
M0323,Movie 0323,2007,Romance,111,2023-03-24,0.0457,2.41
M0226,Movie 0226,2026,Sci-Fi,98,2023-03-24,0.0282,2.55
M0819,Movie 0819,1998,Drama,118,2023-03-25,0.0829,4.31
M0391,Movie 0391,1994,Fantasy,130,2023-03-25,0.0606,3.45
M0926,Movie 0926,1995,Adventure,92,2023-03-25,0.0255,4.08
M0277,Movie 0277,2025,Sci-Fi,154,2023-03-25,0.0449,4.14
M0575,Movie 0575,1993,Thriller,101,2023-03-25,0.1201,3.0
M0085,Movie 0085,1994,Fantasy,114,2023-03-26,0.0105,3.14
M0537,Movie 0537,1996,Drama,138,2023-03-26,0.0155,3.57
M0006,Movie 0006,2008,Drama,115,2023-03-26,0.0643,3.72
M0379,Movie 0379,2012,Drama,121,2023-03-26,0.0193,3.94
M0667,Movie 0667,2016,Romance,111,2023-03-27,0.0475,3.42
M1198,Movie 1198,1996,Adventure,108,2023-03-27,0.1444,3.38
M1175,Movie 1175,2023,Drama,108,2023-04-01,0.0161,3.28
M0075,Movie 0075,1992,Romance,77,2023-04-01,0.0223,2.62
M0068,Movie 0068,2005,Horror,109,2023-04-01,0.0411,4.19
M0295,Movie 0295,2021,Adventure,105,2023-04-01,0.0403,2.64
M0830,Movie 0830,2010,Sci-Fi,133,2023-04-01,0.0058,4.59
M0578,Movie 0578,2024,Animation,97,2023-04-02,0.0197,4.07
M0697,Movie 0697,2022,Action,120,2023-04-02,0.0376,3.97
M1059,Movie 1059,2009,Action,144,2023-04-02,0.0221,3.06
M0997,Movie 0997,2002,Action,107,2023-04-02,0.1651,4.01
M0310,Movie 0310,2007,Horror,89,2023-04-02,0.1447,2.91
M0363,Movie 0363,2008,Comedy,100,2023-04-02,0.0416,3.18
M0359,Movie 0359,1993,Documentary,106,2023-04-03,0.0219,4.35
M0274,Movie 0274,1999,Sci-Fi,123,2023-04-03,0.0174,3.45
M0520,Movie 0520,1993,Documentary,103,2023-04-04,0.0234,3.92
M0371,Movie 0371,2015,Comedy,90,2023-04-04,0.0204,2.83
M1004,Movie 1004,2014,Crime,109,2023-04-04,0.02,3.06
M0382,Movie 0382,1998,Comedy,90,2023-04-04,0.0044,3.59
M0827,Movie 0827,2010,Documentary,100,2023-04-04,0.0251,3.54
M0649,Movie 0649,1992,Crime,123,2023-04-05,0.004,4.17
M0717,Movie 0717,2014,Comedy,93,2023-04-05,0.0264,3.86
M0477,Movie 0477,2018,Drama,110,2023-04-05,0.0216,4.39
M0577,Movie 0577,2020,Documentary,114,2023-04-05,0.1019,4.18
M1047,Movie 1047,2004,Documentary,114,2023-04-06,0.0447,3.65
M0760,Movie 0760,2014,Drama,123,2023-04-06,0.0508,3.27
M0876,Movie 0876,2021,Fantasy,114,2023-04-06,0.0089,3.36
M1062,Movie 1062,2017,Fantasy,115,2023-04-06,0.02,2.7
M1112,Movie 1112,1990,Documentary,79,2023-04-06,0.0096,3.13
M0327,Movie 0327,2001,Fantasy,124,2023-04-07,0.0033,3.37
M0547,Movie 0547,2020,Drama,101,2023-04-07,0.089,3.79
M0281,Movie 0281,2013,Fantasy,136,2023-04-07,0.016,3.3
M1145,Movie 1145,2001,Romance,113,2023-04-08,0.0178,3.42
M0100,Movie 0100,2021,Thriller,147,2023-04-09,0.0295,3.62
M0351,Movie 0351,2003,Drama,124,2023-04-09,0.0161,3.27
M0589,Movie 0589,2021,Comedy,104,2023-04-10,0.2643,3.96
M1010,Movie 1010,2023,Comedy,112,2023-04-11,0.0537,3.59
M1013,Movie 1013,2025,Thriller,127,2023-04-11,0.0274,3.94
M0124,Movie 0124,2023,Horror,129,2023-04-12,0.0327,3.36
M0965,Movie 0965,2000,Drama,105,2023-04-12,0.0269,3.58
M0036,Movie 0036,1995,Family,105,2023-04-12,0.1018,3.32
M0243,Movie 0243,2010,Thriller,102,2023-04-12,0.1934,3.33
M0200,Movie 0200,2005,Family,91,2023-04-12,0.013,4.39
M0906,Movie 0906,2010,Action,125,2023-04-12,0.0148,3.63
M0605,Movie 0605,2018,Action,108,2023-04-12,0.0645,3.82
M0342,Movie 0342,2024,Adventure,104,2023-04-13,0.0033,3.85
M0105,Movie 0105,2023,Drama,132,2023-04-14,0.0089,3.84
M0365,Movie 0365,2000,Action,156,2023-04-14,0.0144,2.71
M0152,Movie 0152,2022,Thriller,130,2023-04-14,0.0549,4.26
M0373,Movie 0373,1997,Adventure,124,2023-04-14,0.0048,3.02
M0761,Movie 0761,2003,Family,87,2023-04-15,0.1787,3.81
M0077,Movie 0077,1999,Comedy,118,2023-04-15,0.1129,2.43
M0848,Movie 0848,2023,Fantasy,113,2023-04-15,0.0121,3.44
M1038,Movie 1038,2001,Drama,72,2023-04-15,0.0116,3.28
M0862,Movie 0862,2008,Documentary,92,2023-04-16,0.0535,3.54
M1127,Movie 1127,2001,Comedy,113,2023-04-16,0.0108,4.07
M0900,Movie 0900,2016,Action,126,2023-04-17,0.0237,3.0
M0532,Movie 0532,2001,Drama,97,2023-04-17,0.0033,2.83
M0060,Movie 0060,1997,Thriller,95,2023-04-17,0.0205,3.25
M1124,Movie 1124,2000,Romance,104,2023-04-17,0.0084,2.57
M0646,Movie 0646,2002,Family,74,2023-04-18,1.0,3.74
M0445,Movie 0445,1993,Drama,117,2023-04-19,0.0131,4.26
M0521,Movie 0521,1990,Family,128,2023-04-19,0.0037,3.52
M0528,Movie 0528,2002,Thriller,92,2023-04-19,0.0369,4.42
M0902,Movie 0902,2025,Drama,91,2023-04-19,0.0049,3.35
M0617,Movie 0617,2009,Crime,74,2023-04-19,0.0225,3.83
M0564,Movie 0564,2023,Horror,112,2023-04-19,0.126,2.31
M0600,Movie 0600,1997,Action,124,2023-04-20,0.034,4.07
M0925,Movie 0925,2017,Horror,112,2023-04-21,0.0141,3.41
M1193,Movie 1193,2024,Fantasy,114,2023-04-21,0.028,3.17
M0587,Movie 0587,2016,Action,137,2023-04-21,0.073,2.92
M1066,Movie 1066,2005,Fantasy,158,2023-04-21,0.1726,3.8
M0253,Movie 0253,2021,Fantasy,138,2023-04-22,0.0385,3.25
M0571,Movie 0571,1998,Sci-Fi,129,2023-04-22,0.0072,4.15
M1178,Movie 1178,1992,Drama,121,2023-04-22,0.0142,3.79
M0028,Movie 0028,2022,Documentary,79,2023-04-22,0.0455,3.33
M0195,Movie 0195,2011,Drama,140,2023-04-23,0.065,3.32
M0214,Movie 0214,2002,Fantasy,117,2023-04-23,0.1407,3.64
M0388,Movie 0388,1995,Thriller,101,2023-04-24,0.0199,3.29
M0975,Movie 0975,1990,Thriller,128,2023-04-25,0.0857,2.19
M0066,Movie 0066,2012,Animation,103,2023-04-25,0.2083,2.82
M0112,Movie 0112,1993,Sci-Fi,146,2023-04-26,0.0048,3.82
M1022,Movie 1022,2001,Romance,130,2023-04-26,0.4926,4.32
M0360,Movie 0360,2025,Thriller,106,2023-04-26,0.0402,3.54
M0879,Movie 0879,1991,Drama,89,2023-04-27,0.0035,3.54
M0739,Movie 0739,1992,Fantasy,102,2023-04-27,0.0067,3.73
M0718,Movie 0718,1993,Documentary,80,2023-04-27,0.0045,3.46
M0691,Movie 0691,1997,Adventure,137,2023-05-01,0.0101,3.12
M0883,Movie 0883,2009,Drama,121,2023-05-02,0.0377,3.88
M0954,Movie 0954,2014,Drama,109,2023-05-02,0.0297,3.18
M0318,Movie 0318,2024,Family,111,2023-05-03,0.0361,2.95
M0482,Movie 0482,2015,Action,127,2023-05-04,0.2054,3.72
M0766,Movie 0766,2011,Documentary,91,2023-05-04,0.0102,3.76
M0459,Movie 0459,2013,Animation,100,2023-05-04,0.0152,3.38
M0227,Movie 0227,2011,Thriller,143,2023-05-05,0.0133,4.0
M0592,Movie 0592,2012,Fantasy,130,2023-05-05,0.0231,4.18
M1199,Movie 1199,2023,Family,115,2023-05-06,0.6383,2.17
M0341,Movie 0341,2014,Action,122,2023-05-06,0.1016,3.32
M0756,Movie 0756,1995,Romance,105,2023-05-06,0.0985,2.93
M0988,Movie 0988,1996,Crime,122,2023-05-06,0.1504,3.39
M0378,Movie 0378,2002,Thriller,114,2023-05-07,0.236,3.37
M0298,Movie 0298,2001,Action,113,2023-05-08,0.1284,4.08
M1043,Movie 1043,2010,Action,144,2023-05-08,0.0433,3.66
M0623,Movie 0623,1991,Sci-Fi,120,2023-05-08,0.0262,3.28
M0765,Movie 0765,1991,Horror,132,2023-05-08,0.0083,4.52
M0573,Movie 0573,2011,Comedy,106,2023-05-09,0.0169,3.82
M0647,Movie 0647,2000,Sci-Fi,138,2023-05-09,0.0024,3.26
M1064,Movie 1064,2013,Drama,99,2023-05-09,0.0097,3.65
M0157,Movie 0157,2001,Action,124,2023-05-10,0.0542,4.58
M1044,Movie 1044,2019,Romance,97,2023-05-10,0.0227,3.38
M0773,Movie 0773,2006,Animation,109,2023-05-11,0.2814,4.69
M0041,Movie 0041,2008,Family,121,2023-05-11,0.0269,3.26
M0443,Movie 0443,2005,Sci-Fi,85,2023-05-11,0.004,4.58
M0035,Movie 0035,2003,Documentary,75,2023-05-12,0.0415,3.37
M0548,Movie 0548,1994,Fantasy,140,2023-05-12,0.0955,4.47
M0729,Movie 0729,2024,Documentary,74,2023-05-12,0.143,2.88
M0374,Movie 0374,2025,Action,112,2023-05-12,0.0447,3.23
M0690,Movie 0690,1996,Crime,114,2023-05-12,0.0208,2.97
M0889,Movie 0889,2017,Action,112,2023-05-13,0.0068,3.09
M0823,Movie 0823,2026,Animation,113,2023-05-13,0.0693,3.87
M0428,Movie 0428,1992,Drama,119,2023-05-13,0.0304,3.95
M0501,Movie 0501,2009,Romance,106,2023-05-13,0.0208,3.08
M0719,Movie 0719,1992,Drama,137,2023-05-14,0.025,3.82
M0430,Movie 0430,2005,Animation,73,2023-05-14,0.0307,3.6
M0604,Movie 0604,2019,Animation,90,2023-05-14,0.0113,3.69
M0709,Movie 0709,1994,Comedy,100,2023-05-15,0.0679,3.6
M0462,Movie 0462,2007,Thriller,117,2023-05-15,0.0339,3.67
M1185,Movie 1185,2026,Crime,129,2023-05-15,0.0126,3.64
M1200,Movie 1200,1993,Sci-Fi,143,2023-05-15,0.0675,3.33
M0122,Movie 0122,1997,Thriller,121,2023-05-15,0.0147,3.44
M1096,Movie 1096,2015,Fantasy,122,2023-05-16,0.0649,4.01
M0245,Movie 0245,2015,Drama,121,2023-05-16,0.0425,3.49
M0923,Movie 0923,2017,Documentary,88,2023-05-17,0.0284,3.77
M0924,Movie 0924,2016,Fantasy,122,2023-05-18,0.0784,3.32
M0852,Movie 0852,2025,Thriller,146,2023-05-18,0.2935,2.93
M0412,Movie 0412,1995,Adventure,134,2023-05-18,0.0225,3.04
M0581,Movie 0581,2008,Horror,90,2023-05-18,0.0694,3.98
M0570,Movie 0570,2026,Comedy,102,2023-05-19,0.0301,3.53
M0283,Movie 0283,2007,Comedy,96,2023-05-19,0.0158,2.53
M0813,Movie 0813,1992,Fantasy,99,2023-05-21,0.0069,2.83
M1196,Movie 1196,2022,Family,106,2023-05-21,0.3409,3.86
M0671,Movie 0671,1992,Action,116,2023-05-22,0.1232,4.35
M0870,Movie 0870,1994,Comedy,60,2023-05-22,0.0078,3.02
M0849,Movie 0849,2017,Adventure,119,2023-05-22,0.008,2.33
M0829,Movie 0829,2005,Horror,126,2023-05-23,0.0782,3.3
M0007,Movie 0007,2026,Thriller,123,2023-05-23,0.01,3.14
M0352,Movie 0352,2008,Animation,132,2023-05-24,0.0243,3.51
M0887,Movie 0887,2014,Horror,77,2023-05-24,0.0243,2.82
M1037,Movie 1037,2025,Drama,112,2023-05-24,0.0224,2.96
M1003,Movie 1003,2011,Thriller,128,2023-05-24,0.0042,2.49
M0346,Movie 0346,2015,Fantasy,125,2023-05-25,0.0308,4.2
M0541,Movie 0541,1995,Family,99,2023-05-25,0.1428,3.27
M0872,Movie 0872,2004,Horror,91,2023-05-26,0.0384,3.1
M1101,Movie 1101,2026,Sci-Fi,100,2023-05-26,0.024,3.2
M0425,Movie 0425,2022,Family,89,2023-05-26,0.1036,3.08
M0050,Movie 0050,2014,Thriller,102,2023-05-26,0.0118,3.43
M1163,Movie 1163,2018,Crime,92,2023-05-27,0.0615,3.43
M0692,Movie 0692,2022,Crime,102,2023-05-27,0.0058,4.19
M1009,Movie 1009,2001,Thriller,115,2023-06-01,0.032,3.67
M0014,Movie 0014,1995,Thriller,130,2023-06-02,0.1267,3.01
M0863,Movie 0863,1996,Action,114,2023-06-02,0.0613,3.26
M0905,Movie 0905,1996,Animation,83,2023-06-03,0.0907,1.98
M0109,Movie 0109,2018,Thriller,123,2023-06-04,0.0163,3.47
M0561,Movie 0561,2003,Fantasy,163,2023-06-04,0.015,4.37
M0102,Movie 0102,2001,Documentary,86,2023-06-04,0.1046,2.76
M0684,Movie 0684,1996,Fantasy,125,2023-06-04,0.0173,3.89
M0231,Movie 0231,2023,Action,129,2023-06-04,0.0435,3.83
M0269,Movie 0269,2023,Thriller,98,2023-06-05,0.0053,3.52
M0141,Movie 0141,2022,Thriller,118,2023-06-05,0.1053,3.17
M0502,Movie 0502,2005,Crime,118,2023-06-05,0.0194,3.89
M0258,Movie 0258,2016,Thriller,120,2023-06-05,0.4535,3.29
M1042,Movie 1042,2025,Comedy,102,2023-06-05,0.1084,4.38
M0892,Movie 0892,1999,Animation,111,2023-06-05,0.0252,3.51
M0389,Movie 0389,1993,Crime,104,2023-06-05,0.0218,2.74
M0449,Movie 0449,2010,Animation,85,2023-06-06,0.1002,4.02
M0218,Movie 0218,2006,Adventure,122,2023-06-06,0.0593,4.12
M0861,Movie 0861,2004,Action,110,2023-06-06,0.1732,3.48
M0944,Movie 0944,2013,Comedy,84,2023-06-06,0.017,4.19
M0624,Movie 0624,2007,Thriller,99,2023-06-06,0.0786,3.06
M1012,Movie 1012,1993,Comedy,109,2023-06-07,0.2501,3.43
M0008,Movie 0008,1998,Drama,123,2023-06-07,0.0094,3.12
M1086,Movie 1086,1991,Animation,79,2023-06-07,0.0466,4.59
M1081,Movie 1081,2013,Sci-Fi,109,2023-06-08,0.0515,4.11
M0451,Movie 0451,2003,Romance,135,2023-06-08,0.0112,3.39
M0092,Movie 0092,2017,Romance,95,2023-06-09,0.0581,3.21
M1186,Movie 1186,2010,Fantasy,152,2023-06-09,0.0126,3.07
M0943,Movie 0943,2004,Comedy,114,2023-06-09,0.0115,3.62
M0067,Movie 0067,2018,Fantasy,141,2023-06-10,0.067,3.11
M0685,Movie 0685,2020,Animation,125,2023-06-10,0.0358,3.0
M0330,Movie 0330,1992,Adventure,126,2023-06-11,0.0823,2.87
M1063,Movie 1063,2018,Action,92,2023-06-11,0.1927,3.14
M0503,Movie 0503,2008,Comedy,84,2023-06-11,0.0102,2.62
M0981,Movie 0981,2007,Drama,126,2023-06-12,0.04,3.28
M0422,Movie 0422,2011,Documentary,72,2023-06-12,0.0364,2.96
M1104,Movie 1104,2009,Horror,85,2023-06-12,0.0223,2.86
M1045,Movie 1045,2012,Adventure,120,2023-06-13,0.0594,3.92
M0768,Movie 0768,1998,Comedy,103,2023-06-13,0.0068,3.87
M0380,Movie 0380,2015,Comedy,103,2023-06-13,0.0112,3.29
M1165,Movie 1165,2022,Family,111,2023-06-14,0.5086,4.01
M0235,Movie 0235,2005,Thriller,115,2023-06-14,0.0546,3.17
M0785,Movie 0785,2016,Action,117,2023-06-14,0.2153,3.17
M0162,Movie 0162,2017,Documentary,83,2023-06-15,0.0501,3.35
M0480,Movie 0480,2000,Action,139,2023-06-15,0.0166,2.83
M0450,Movie 0450,2016,Romance,113,2023-06-15,0.1038,3.89
M0888,Movie 0888,2024,Sci-Fi,124,2023-06-15,0.0751,3.44
M1177,Movie 1177,1996,Fantasy,102,2023-06-15,0.0231,3.34
M0609,Movie 0609,1993,Action,137,2023-06-16,0.0552,4.14
M0137,Movie 0137,2025,Fantasy,125,2023-06-16,0.0291,3.8
M0786,Movie 0786,1992,Action,138,2023-06-16,0.0138,4.08
M0616,Movie 0616,2022,Documentary,92,2023-06-16,0.0212,2.72
M1057,Movie 1057,2010,Crime,114,2023-06-17,0.0958,3.73
M0411,Movie 0411,1991,Action,121,2023-06-17,0.0056,2.6
M0130,Movie 0130,1998,Horror,121,2023-06-17,0.09,2.77
M0627,Movie 0627,2000,Drama,113,2023-06-17,0.0525,3.51
M0748,Movie 0748,1997,Animation,92,2023-06-18,0.0189,3.24
M0750,Movie 0750,1992,Comedy,74,2023-06-18,0.2617,3.44
M0599,Movie 0599,2010,Family,73,2023-06-18,0.0245,3.81
M0039,Movie 0039,2000,Sci-Fi,129,2023-06-18,0.0335,3.87
M0534,Movie 0534,2010,Adventure,104,2023-06-19,0.0126,3.05
M0046,Movie 0046,2006,Thriller,89,2023-06-19,0.0284,2.97
M1190,Movie 1190,2000,Drama,151,2023-06-19,0.028,3.91
M0897,Movie 0897,2002,Animation,91,2023-06-19,0.1511,3.6
M0333,Movie 0333,2020,Thriller,109,2023-06-20,0.0479,3.69
M0964,Movie 0964,2000,Horror,113,2023-06-20,0.1018,3.96
M0891,Movie 0891,2009,Romance,114,2023-06-22,0.0178,2.76
M0260,Movie 0260,2018,Drama,106,2023-06-23,0.0068,4.26
M0270,Movie 0270,1996,Sci-Fi,152,2023-06-23,0.0581,3.35
M1089,Movie 1089,2008,Drama,120,2023-06-23,0.0448,3.57
M0058,Movie 0058,2013,Comedy,80,2023-06-24,0.0341,2.54
M0560,Movie 0560,2005,Crime,105,2023-06-24,0.0499,3.36
M0055,Movie 0055,1997,Horror,116,2023-06-25,0.0183,3.25
M0632,Movie 0632,2001,Action,120,2023-06-26,0.0082,4.88
M0234,Movie 0234,2017,Horror,93,2023-06-26,0.0026,4.05
M0993,Movie 0993,1997,Family,116,2023-06-26,0.0074,3.35
M1192,Movie 1192,2009,Drama,137,2023-07-01,0.0033,4.02
M0135,Movie 0135,2002,Family,99,2023-07-01,0.0419,3.91
M1197,Movie 1197,2014,Adventure,109,2023-07-01,0.1162,3.22
M0325,Movie 0325,2004,Comedy,97,2023-07-01,0.0616,3.28
M0494,Movie 0494,2017,Horror,105,2023-07-02,0.0368,2.93
M0603,Movie 0603,2017,Drama,121,2023-07-02,0.0311,3.73
M0088,Movie 0088,1996,Fantasy,137,2023-07-02,0.0061,4.45
M0721,Movie 0721,2002,Comedy,111,2023-07-02,0.0067,3.07
M0364,Movie 0364,2020,Drama,110,2023-07-02,0.0239,3.58
M0680,Movie 0680,1993,Drama,120,2023-07-05,0.0637,3.64
M0134,Movie 0134,1997,Action,123,2023-07-05,0.027,3.61
M0982,Movie 0982,1993,Adventure,140,2023-07-05,0.0072,3.69
M1093,Movie 1093,1992,Adventure,121,2023-07-05,0.106,3.49
M0956,Movie 0956,2011,Romance,109,2023-07-05,0.0099,3.47
M1055,Movie 1055,2019,Family,91,2023-07-05,0.1036,3.24
M0508,Movie 0508,2004,Action,150,2023-07-05,0.049,3.17
M1041,Movie 1041,2015,Drama,90,2023-07-06,0.0099,2.73
M0127,Movie 0127,1999,Crime,132,2023-07-07,0.0056,3.69
M1122,Movie 1122,2009,Adventure,126,2023-07-07,0.1504,3.5
M1006,Movie 1006,2010,Fantasy,134,2023-07-08,0.006,3.07
M0703,Movie 0703,2002,Family,130,2023-07-08,0.0097,4.21
M0347,Movie 0347,2014,Drama,103,2023-07-09,0.0452,4.18
M0961,Movie 0961,1996,Drama,111,2023-07-09,0.031,3.57
M0694,Movie 0694,1997,Family,113,2023-07-09,0.173,3.4
M0187,Movie 0187,2019,Romance,101,2023-07-09,0.0222,3.36
M0999,Movie 0999,2008,Documentary,106,2023-07-10,0.0226,3.19
M0263,Movie 0263,1997,Romance,115,2023-07-10,0.1283,4.53
M0083,Movie 0083,2016,Comedy,106,2023-07-11,0.0074,3.96
M0535,Movie 0535,1990,Documentary,83,2023-07-11,0.0282,4.1
M0396,Movie 0396,2018,Thriller,107,2023-07-12,0.0038,2.7
M1154,Movie 1154,2012,Thriller,96,2023-07-12,0.0393,3.27
M0815,Movie 0815,2019,Comedy,104,2023-07-12,0.0172,2.98
M0679,Movie 0679,2019,Horror,87,2023-07-13,0.0234,3.26
M0971,Movie 0971,2022,Adventure,139,2023-07-13,0.0256,4.17
M0273,Movie 0273,1998,Romance,85,2023-07-13,0.0458,3.08
M0740,Movie 0740,1995,Romance,91,2023-07-13,0.0067,2.21
M1049,Movie 1049,2005,Drama,116,2023-07-14,0.2861,3.57
M0635,Movie 0635,2024,Family,112,2023-07-14,0.0384,5.0
M1099,Movie 1099,1992,Romance,94,2023-07-14,0.0301,3.97
M1008,Movie 1008,2001,Drama,111,2023-07-15,0.1124,2.83
M0033,Movie 0033,2006,Thriller,136,2023-07-15,0.0704,2.86
M0074,Movie 0074,2020,Thriller,120,2023-07-15,0.0207,2.53
M0563,Movie 0563,2009,Comedy,120,2023-07-15,0.0214,4.01
M0440,Movie 0440,2021,Action,105,2023-07-16,0.0602,3.7
M0809,Movie 0809,2001,Comedy,105,2023-07-16,0.0344,3.51
M0029,Movie 0029,2023,Horror,105,2023-07-16,0.041,4.13
M0249,Movie 0249,2016,Documentary,91,2023-07-17,0.0543,3.06
M0246,Movie 0246,2021,Adventure,128,2023-07-18,0.0097,3.3
M0941,Movie 0941,2018,Romance,76,2023-07-18,0.1616,3.44
M0299,Movie 0299,2011,Romance,98,2023-07-18,0.0588,3.43
M0530,Movie 0530,2025,Documentary,72,2023-07-19,0.012,3.28
M0233,Movie 0233,2004,Adventure,122,2023-07-19,0.011,4.48
M0020,Movie 0020,1998,Crime,120,2023-07-19,0.0116,3.83
M0903,Movie 0903,1996,Drama,90,2023-07-19,0.1385,2.46
M0465,Movie 0465,2019,Sci-Fi,135,2023-07-20,0.0261,4.82
M0586,Movie 0586,2009,Drama,106,2023-07-20,0.0227,3.48
M0588,Movie 0588,2009,Thriller,119,2023-07-21,0.1916,2.57
M0778,Movie 0778,2026,Romance,112,2023-07-21,0.0026,3.25
M0287,Movie 0287,2019,Drama,118,2023-07-21,0.0315,3.91
M0040,Movie 0040,2025,Animation,89,2023-07-22,0.0032,4.08
M0662,Movie 0662,2009,Sci-Fi,131,2023-07-22,0.1124,3.93
M0315,Movie 0315,2000,Adventure,126,2023-07-22,0.0304,3.57
M0254,Movie 0254,2025,Animation,90,2023-07-23,0.0505,2.83
M0885,Movie 0885,2015,Comedy,93,2023-07-23,0.1934,2.73
M1176,Movie 1176,1994,Romance,138,2023-07-24,0.0223,3.09
M0576,Movie 0576,2021,Fantasy,109,2023-07-24,0.1049,3.69
M0167,Movie 0167,2016,Action,101,2023-07-24,0.0212,3.41
M0331,Movie 0331,2005,Action,149,2023-07-24,0.0291,3.72
M1078,Movie 1078,2016,Crime,114,2023-07-24,0.011,4.02
M0408,Movie 0408,1996,Animation,92,2023-07-25,0.0009,3.17
M0201,Movie 0201,2017,Sci-Fi,125,2023-07-25,0.0318,2.94
M0686,Movie 0686,1997,Drama,124,2023-07-26,0.017,3.19
M0170,Movie 0170,1996,Family,128,2023-07-26,0.0192,2.59
M1131,Movie 1131,1991,Action,111,2023-07-27,0.0427,4.03
M0003,Movie 0003,1999,Animation,60,2023-07-27,0.034,3.19
M1065,Movie 1065,1991,Animation,110,2023-08-01,0.0104,4.2
M1114,Movie 1114,2023,Family,118,2023-08-02,0.0251,3.96
M0743,Movie 0743,2011,Family,114,2023-08-02,0.077,2.78
M1170,Movie 1170,2023,Drama,124,2023-08-02,0.0097,3.17
M0120,Movie 0120,1992,Drama,97,2023-08-03,0.0281,3.72
M0025,Movie 0025,2009,Crime,112,2023-08-04,0.0524,4.2
M0064,Movie 0064,2025,Horror,85,2023-08-04,0.2159,2.94
M0917,Movie 0917,1994,Animation,83,2023-08-05,0.1503,3.62
M0590,Movie 0590,2024,Horror,89,2023-08-06,0.1082,3.2
M0490,Movie 0490,2025,Comedy,96,2023-08-06,0.1011,3.52
M0278,Movie 0278,2019,Fantasy,130,2023-08-07,0.0503,3.48
M0826,Movie 0826,2024,Fantasy,141,2023-08-08,0.0233,4.13
M0732,Movie 0732,1993,Crime,104,2023-08-09,0.0146,4.14
M0638,Movie 0638,2014,Action,118,2023-08-09,0.0057,3.96
M0242,Movie 0242,2013,Animation,100,2023-08-09,0.1842,3.68
M0439,Movie 0439,2019,Romance,80,2023-08-09,0.0557,3.19
M0247,Movie 0247,1995,Animation,92,2023-08-09,0.0647,3.88
M0367,Movie 0367,2005,Sci-Fi,129,2023-08-11,0.0159,3.44
M0752,Movie 0752,1997,Horror,118,2023-08-12,0.0596,3.33
M0919,Movie 0919,2005,Action,114,2023-08-12,0.03,3.8
M0472,Movie 0472,2006,Sci-Fi,130,2023-08-12,0.0416,2.47
M0854,Movie 0854,2014,Sci-Fi,93,2023-08-12,0.0199,3.3
M0031,Movie 0031,2011,Fantasy,109,2023-08-13,0.0986,2.7
M0545,Movie 0545,1996,Drama,118,2023-08-13,0.0549,3.65
M0086,Movie 0086,2020,Romance,140,2023-08-14,0.0219,3.52
M1016,Movie 1016,2016,Drama,125,2023-08-14,0.0859,2.67
M0737,Movie 0737,1996,Adventure,123,2023-08-14,0.3065,4.1
M0114,Movie 0114,1995,Action,127,2023-08-15,0.0842,3.48
M1088,Movie 1088,2004,Animation,103,2023-08-16,0.0063,4.13
M0912,Movie 0912,2021,Crime,109,2023-08-17,0.0214,2.77
M0969,Movie 0969,2007,Comedy,129,2023-08-17,0.0529,3.15
M0506,Movie 0506,2003,Horror,94,2023-08-17,0.0096,3.4
M1116,Movie 1116,1992,Animation,104,2023-08-18,0.0264,4.26
M0546,Movie 0546,1994,Sci-Fi,121,2023-08-18,0.0282,4.05
M0078,Movie 0078,2019,Comedy,101,2023-08-19,0.0141,3.25
M0169,Movie 0169,1993,Documentary,96,2023-08-20,0.0494,2.85
M0755,Movie 0755,2014,Comedy,92,2023-08-21,0.0227,4.27
M0119,Movie 0119,2009,Thriller,164,2023-08-22,0.0241,4.28
M0559,Movie 0559,2020,Drama,124,2023-08-22,0.0094,3.84
M0549,Movie 0549,2011,Family,106,2023-08-23,0.0599,3.79
M0787,Movie 0787,2021,Animation,103,2023-08-23,0.0373,4.48
M0081,Movie 0081,2013,Thriller,115,2023-08-25,0.1574,3.42
M1155,Movie 1155,2010,Drama,93,2023-08-25,0.0194,3.52
M1160,Movie 1160,2023,Thriller,123,2023-08-25,0.0674,3.02
M1109,Movie 1109,2016,Documentary,82,2023-08-26,0.0097,4.15
M0793,Movie 0793,2014,Thriller,124,2023-08-26,0.0873,3.38
M0989,Movie 0989,1995,Sci-Fi,105,2023-08-26,0.0329,2.81
M0507,Movie 0507,2021,Family,101,2023-08-26,0.2351,2.7
M0655,Movie 0655,2017,Horror,85,2023-08-26,0.006,3.58
M0974,Movie 0974,2009,Comedy,101,2023-08-26,0.1792,3.6
M0205,Movie 0205,2005,Action,125,2023-08-27,0.0354,3.94
M0193,Movie 0193,2000,Documentary,86,2023-08-27,0.0152,3.34
M0784,Movie 0784,2005,Comedy,124,2023-09-01,0.0642,4.35
M0963,Movie 0963,2002,Thriller,83,2023-09-02,0.047,3.28
M1148,Movie 1148,2000,Family,121,2023-09-02,0.0415,2.66
M1171,Movie 1171,2025,Animation,85,2023-09-02,0.0043,3.51
M0796,Movie 0796,2006,Romance,101,2023-09-02,0.0279,3.54
M0714,Movie 0714,2026,Documentary,88,2023-09-03,0.0056,3.3
M1162,Movie 1162,2016,Thriller,113,2023-09-03,0.0075,4.09
M1143,Movie 1143,1997,Adventure,169,2023-09-03,0.1747,2.29
M0332,Movie 0332,2019,Drama,128,2023-09-03,0.0022,3.51
M0182,Movie 0182,1991,Fantasy,150,2023-09-03,0.0704,2.55
M1105,Movie 1105,2002,Animation,89,2023-09-03,0.0085,4.52
M0098,Movie 0098,1999,Drama,85,2023-09-05,0.0656,3.33
M0799,Movie 0799,1994,Comedy,100,2023-09-05,0.0158,3.19
M0665,Movie 0665,1998,Romance,86,2023-09-05,0.0335,2.75
M0399,Movie 0399,1990,Documentary,70,2023-09-05,0.0567,3.1
M0056,Movie 0056,2014,Thriller,122,2023-09-06,0.0253,3.41
M0268,Movie 0268,2011,Action,111,2023-09-06,0.0201,4.64
M1139,Movie 1139,2013,Comedy,112,2023-09-06,0.1146,2.77
M0426,Movie 0426,2010,Animation,116,2023-09-06,0.0068,3.61
M0476,Movie 0476,1991,Drama,126,2023-09-07,0.0152,2.63
M0788,Movie 0788,2001,Adventure,98,2023-09-07,0.0071,3.03
M0054,Movie 0054,2022,Fantasy,145,2023-09-08,0.0275,3.37
M0930,Movie 0930,1994,Drama,114,2023-09-08,0.2144,3.91
M0929,Movie 0929,1997,Thriller,134,2023-09-08,0.0263,4.29
M0792,Movie 0792,1990,Action,119,2023-09-08,0.0898,3.65
M0158,Movie 0158,2000,Drama,132,2023-09-09,0.0246,4.84
M0677,Movie 0677,2004,Romance,103,2023-09-09,0.0129,3.4
M0398,Movie 0398,2005,Romance,124,2023-09-10,0.1033,4.25
M0700,Movie 0700,2000,Comedy,115,2023-09-11,0.0572,3.54
M1130,Movie 1130,2013,Sci-Fi,156,2023-09-12,0.1593,3.24
M0519,Movie 0519,2006,Action,121,2023-09-12,0.0345,3.17
M0183,Movie 0183,1998,Action,109,2023-09-12,0.2395,3.95
M0641,Movie 0641,2008,Romance,105,2023-09-12,0.1128,3.38
M0116,Movie 0116,2005,Fantasy,119,2023-09-12,0.0077,3.18
M0019,Movie 0019,1999,Action,105,2023-09-13,0.0143,4.09
M1111,Movie 1111,1991,Family,108,2023-09-13,0.0051,2.65
M0071,Movie 0071,2001,Sci-Fi,109,2023-09-14,0.0319,3.25
M0985,Movie 0985,2011,Drama,93,2023-09-14,0.0318,3.38
M0844,Movie 0844,1997,Drama,120,2023-09-14,0.0139,3.31
M0280,Movie 0280,2006,Romance,98,2023-09-14,0.0092,4.34
M1085,Movie 1085,2019,Documentary,92,2023-09-14,0.0163,2.85
M0539,Movie 0539,2014,Drama,128,2023-09-14,0.029,2.32
M0914,Movie 0914,2000,Horror,92,2023-09-14,0.0142,3.09
M0219,Movie 0219,2022,Fantasy,103,2023-09-14,0.0121,3.18
M0601,Movie 0601,2005,Fantasy,136,2023-09-15,0.1942,3.4
M0178,Movie 0178,2012,Adventure,82,2023-09-15,0.0163,2.66
M0285,Movie 0285,1991,Drama,91,2023-09-15,0.0239,2.7
M0385,Movie 0385,1990,Drama,121,2023-09-17,0.0568,3.48
M0154,Movie 0154,2001,Family,117,2023-09-18,0.1192,3.38
M0522,Movie 0522,2007,Action,126,2023-09-18,0.0513,4.32
M0048,Movie 0048,2020,Romance,130,2023-09-18,0.0406,2.9
M0817,Movie 0817,2005,Romance,103,2023-09-19,0.2643,2.09
M0996,Movie 0996,2013,Crime,100,2023-09-19,0.0158,2.52
M0015,Movie 0015,1999,Sci-Fi,114,2023-09-19,0.0035,3.73
M0567,Movie 0567,2022,Drama,77,2023-09-20,0.0356,3.62
M1142,Movie 1142,2025,Thriller,117,2023-09-20,0.1949,4.17
M0942,Movie 0942,2004,Fantasy,146,2023-09-21,0.1167,4.1
M0553,Movie 0553,1997,Comedy,87,2023-09-21,0.0692,4.94
M0215,Movie 0215,1998,Drama,101,2023-09-22,0.0717,2.45
M0747,Movie 0747,2016,Animation,90,2023-09-22,0.0131,2.97
M0387,Movie 0387,2020,Documentary,116,2023-09-23,0.2151,2.92
M0935,Movie 0935,2017,Romance,83,2023-09-23,0.0094,3.09
M0933,Movie 0933,2014,Action,131,2023-09-24,0.0243,4.09
M0099,Movie 0099,2005,Fantasy,133,2023-09-24,0.0068,3.85
M0816,Movie 0816,1995,Animation,110,2023-09-24,0.0181,3.35
M0326,Movie 0326,1993,Animation,73,2023-09-25,0.242,2.74
M0185,Movie 0185,2013,Action,118,2023-09-25,0.0099,4.32
M0517,Movie 0517,2014,Drama,98,2023-09-25,0.0193,3.57
M0207,Movie 0207,2026,Horror,105,2023-09-25,0.0457,4.15
M0594,Movie 0594,2001,Thriller,114,2023-09-27,0.185,3.48
M1090,Movie 1090,2007,Thriller,124,2023-09-27,0.029,3.27
M1054,Movie 1054,2009,Action,127,2023-09-27,0.0658,4.34
M0533,Movie 0533,2000,Thriller,68,2023-09-27,0.0813,3.81
M0384,Movie 0384,2002,Romance,92,2023-10-01,0.1325,2.93
M0951,Movie 0951,2020,Action,120,2023-10-01,0.0373,3.32
M0026,Movie 0026,2012,Animation,80,2023-10-01,0.0542,2.21
M0499,Movie 0499,1992,Horror,99,2023-10-01,0.0634,3.1
M1061,Movie 1061,2013,Sci-Fi,111,2023-10-01,0.0165,3.23
M0979,Movie 0979,2014,Sci-Fi,126,2023-10-03,0.0582,3.56
M1011,Movie 1011,2014,Documentary,115,2023-10-03,0.2035,4.03
M0397,Movie 0397,2013,Horror,78,2023-10-03,0.0216,2.91
M0626,Movie 0626,2022,Comedy,95,2023-10-03,0.0354,3.2
M0527,Movie 0527,1990,Documentary,64,2023-10-04,0.0087,3.4
M0444,Movie 0444,2013,Drama,134,2023-10-04,0.0056,3.92
M0403,Movie 0403,2000,Action,131,2023-10-04,0.0894,2.94
M0228,Movie 0228,2017,Romance,90,2023-10-05,0.0574,3.44
M0881,Movie 0881,2023,Documentary,68,2023-10-05,0.0891,4.1
M0018,Movie 0018,1997,Thriller,126,2023-10-06,0.0055,3.91
M0725,Movie 0725,1994,Comedy,119,2023-10-06,0.0751,2.98
M0734,Movie 0734,2008,Action,105,2023-10-07,0.0534,3.52
M1187,Movie 1187,2012,Romance,115,2023-10-07,0.0892,3.64
M0871,Movie 0871,1992,Family,93,2023-10-07,0.1927,3.39
M1060,Movie 1060,2023,Fantasy,128,2023-10-07,0.0305,3.31
M0073,Movie 0073,2011,Animation,101,2023-10-08,0.0289,3.82
M1079,Movie 1079,1996,Crime,114,2023-10-08,0.0653,3.87
M0644,Movie 0644,2022,Sci-Fi,107,2023-10-09,0.011,3.81
M0034,Movie 0034,2003,Drama,118,2023-10-09,0.0783,2.87
M0540,Movie 0540,2007,Action,120,2023-10-10,0.0497,4.61
M0962,Movie 0962,2003,Romance,113,2023-10-10,0.0083,3.74
M1025,Movie 1025,2022,Comedy,104,2023-10-10,0.0896,3.83
M0138,Movie 0138,2004,Romance,95,2023-10-11,0.0068,3.37
M1184,Movie 1184,2016,Animation,84,2023-10-12,0.0284,3.78
M0062,Movie 0062,1993,Documentary,95,2023-10-12,0.2632,3.83
M0481,Movie 0481,2003,Comedy,96,2023-10-12,0.0276,2.9
M0335,Movie 0335,1998,Drama,94,2023-10-12,0.0438,4.26
M0904,Movie 0904,2014,Family,106,2023-10-13,0.0125,3.18
M0764,Movie 0764,2006,Animation,90,2023-10-13,0.0647,3.84
M0614,Movie 0614,2020,Documentary,85,2023-10-13,0.0341,2.87
M0711,Movie 0711,1991,Drama,118,2023-10-14,0.0113,2.98
M1068,Movie 1068,2008,Drama,114,2023-10-15,0.3022,3.85
M1056,Movie 1056,2007,Fantasy,93,2023-10-15,0.0116,3.72
M0651,Movie 0651,2001,Adventure,147,2023-10-16,0.0234,4.49
M0637,Movie 0637,2004,Horror,96,2023-10-16,0.0039,2.74
M0106,Movie 0106,2001,Action,115,2023-10-16,0.0512,3.15
M0057,Movie 0057,2023,Horror,80,2023-10-16,0.0169,3.5
M0239,Movie 0239,2011,Fantasy,124,2023-10-17,0.0569,3.07
M0642,Movie 0642,1998,Crime,119,2023-10-18,0.0039,3.26
M0831,Movie 0831,1999,Sci-Fi,119,2023-10-18,0.0659,3.41
M0417,Movie 0417,2012,Drama,99,2023-10-19,0.0347,4.27
M0767,Movie 0767,1997,Action,102,2023-10-20,0.0089,3.81
M0308,Movie 0308,2017,Drama,113,2023-10-20,0.0137,3.25
M0847,Movie 0847,2005,Romance,125,2023-10-20,0.0145,4.25
M0319,Movie 0319,1998,Action,99,2023-10-20,0.0608,4.79
M0998,Movie 0998,2015,Comedy,124,2023-10-21,0.0133,2.31
M0806,Movie 0806,2021,Sci-Fi,124,2023-10-21,0.0133,3.35
M1021,Movie 1021,2001,Adventure,112,2023-10-22,0.0399,3.21
M0217,Movie 0217,2020,Comedy,89,2023-10-23,0.0619,4.33
M0461,Movie 0461,2012,Sci-Fi,133,2023-10-23,0.02,4.3
M0893,Movie 0893,2014,Thriller,110,2023-10-23,0.0746,3.81
M0746,Movie 0746,2009,Horror,100,2023-10-23,0.0246,3.22
M0204,Movie 0204,1999,Animation,126,2023-10-23,0.0076,3.31
M0864,Movie 0864,2003,Sci-Fi,108,2023-10-24,0.0016,3.75
M0423,Movie 0423,2021,Action,116,2023-10-25,0.0045,2.76
M0493,Movie 0493,2003,Horror,95,2023-10-25,0.3573,3.33
M0433,Movie 0433,2026,Sci-Fi,111,2023-10-25,0.0482,3.1
M1117,Movie 1117,2015,Horror,114,2023-10-26,0.0282,3.91
M0160,Movie 0160,1991,Action,133,2023-10-26,0.0251,3.45
M0931,Movie 0931,1995,Crime,130,2023-10-27,0.0247,2.96
M0634,Movie 0634,2009,Drama,128,2023-10-27,0.068,3.19
M0052,Movie 0052,2010,Animation,87,2023-10-27,0.0762,3.54
M0211,Movie 0211,1992,Adventure,120,2023-11-01,0.0187,2.95
M0486,Movie 0486,2014,Drama,108,2023-11-01,0.1331,2.83
M0610,Movie 0610,2003,Animation,82,2023-11-02,0.0248,3.6
M0009,Movie 0009,2006,Drama,105,2023-11-02,0.0504,3.73
M1121,Movie 1121,2014,Thriller,130,2023-11-02,0.0278,3.04
M1080,Movie 1080,2019,Thriller,160,2023-11-02,0.0081,2.52
M0094,Movie 0094,2002,Crime,90,2023-11-03,0.1069,3.42
M0115,Movie 0115,2022,Drama,141,2023-11-03,0.0221,4.11
M0145,Movie 0145,2017,Thriller,106,2023-11-03,0.122,2.97
M0454,Movie 0454,2000,Drama,122,2023-11-03,0.0238,3.84
M0618,Movie 0618,2010,Action,106,2023-11-03,0.1919,3.59
M0763,Movie 0763,2012,Comedy,87,2023-11-05,0.0596,3.2
M0241,Movie 0241,1996,Animation,87,2023-11-06,0.0273,3.79
M0958,Movie 0958,1995,Sci-Fi,137,2023-11-06,0.0496,3.42
M0322,Movie 0322,2026,Fantasy,136,2023-11-07,0.1133,4.14
M0949,Movie 0949,1993,Fantasy,141,2023-11-08,0.0888,3.92
M0024,Movie 0024,2002,Action,115,2023-11-08,0.012,3.71
M0038,Movie 0038,2001,Documentary,142,2023-11-08,0.0366,3.86
M0523,Movie 0523,2019,Comedy,92,2023-11-09,0.0848,4.21
M1119,Movie 1119,1998,Thriller,135,2023-11-09,0.0016,3.41
M0777,Movie 0777,1992,Adventure,112,2023-11-10,0.012,2.98
M0343,Movie 0343,2003,Comedy,106,2023-11-10,0.0055,3.34
M0466,Movie 0466,2005,Comedy,107,2023-11-11,0.0346,4.1
M0845,Movie 0845,2005,Comedy,100,2023-11-11,0.003,3.79
M0017,Movie 0017,2012,Drama,105,2023-11-11,0.063,4.09
M0712,Movie 0712,2011,Drama,80,2023-11-11,0.01,2.69
M0865,Movie 0865,2018,Romance,103,2023-11-11,0.0273,4.24
M1017,Movie 1017,2011,Horror,103,2023-11-12,0.0065,2.05
M1082,Movie 1082,2004,Documentary,93,2023-11-12,0.2873,3.25
M0355,Movie 0355,2012,Adventure,111,2023-11-13,0.0296,4.73
M0005,Movie 0005,1990,Fantasy,147,2023-11-13,0.1297,3.14
M0377,Movie 0377,2024,Horror,103,2023-11-13,0.0163,2.56
M0236,Movie 0236,2019,Sci-Fi,121,2023-11-13,0.0077,2.95
M1035,Movie 1035,2003,Action,111,2023-11-14,0.1167,2.78
M0045,Movie 0045,2016,Sci-Fi,123,2023-11-14,0.0511,1.94
M0291,Movie 0291,1994,Crime,98,2023-11-15,0.0487,3.54
M1120,Movie 1120,1997,Animation,101,2023-11-15,0.0368,3.68
M0811,Movie 0811,2010,Romance,126,2023-11-15,0.0475,3.23
M0664,Movie 0664,2011,Adventure,136,2023-11-16,0.0267,3.59
M0488,Movie 0488,2012,Crime,138,2023-11-17,0.0303,3.69
M0368,Movie 0368,1998,Documentary,79,2023-11-19,0.0449,4.14
M0774,Movie 0774,1998,Family,109,2023-11-21,0.011,3.36
M0209,Movie 0209,2009,Documentary,91,2023-11-21,0.0054,3.6
M0580,Movie 0580,1999,Adventure,111,2023-11-21,0.0275,3.98
M0107,Movie 0107,2009,Crime,116,2023-11-22,0.069,2.13
M0633,Movie 0633,2004,Drama,103,2023-11-22,0.0085,3.08
M0256,Movie 0256,1999,Crime,144,2023-11-23,0.0067,4.35
M0835,Movie 0835,2020,Comedy,110,2023-11-24,0.0252,3.23
M0663,Movie 0663,2019,Drama,100,2023-11-24,0.0122,3.86
M0613,Movie 0613,1993,Animation,108,2023-11-25,0.0313,3.61
M0194,Movie 0194,2001,Comedy,90,2023-11-26,0.0561,3.24
M0344,Movie 0344,2025,Animation,95,2023-11-26,0.0116,2.04
M0557,Movie 0557,1995,Comedy,76,2023-11-26,0.1097,4.08
M0406,Movie 0406,2001,Drama,124,2023-12-01,0.0122,4.78
M0657,Movie 0657,1993,Horror,103,2023-12-01,0.0187,3.45
M0701,Movie 0701,1994,Family,93,2023-12-02,0.0011,3.21
M0741,Movie 0741,2013,Drama,114,2023-12-02,0.0689,2.88
M1161,Movie 1161,1996,Animation,80,2023-12-02,0.032,3.2
M0722,Movie 0722,2001,Romance,98,2023-12-02,0.0508,3.56
M0049,Movie 0049,2004,Thriller,121,2023-12-03,0.0873,3.36
M0639,Movie 0639,2018,Comedy,98,2023-12-03,0.0608,3.0
M0237,Movie 0237,2019,Sci-Fi,94,2023-12-04,0.0339,2.75
M0132,Movie 0132,2005,Horror,109,2023-12-04,0.014,3.4
M0188,Movie 0188,2010,Comedy,76,2023-12-04,0.0022,3.74
M0276,Movie 0276,2016,Thriller,95,2023-12-05,0.0907,4.36
M0485,Movie 0485,2009,Thriller,89,2023-12-06,0.0132,3.14
M1050,Movie 1050,2026,Fantasy,145,2023-12-07,0.0155,3.87
M0843,Movie 0843,2026,Crime,136,2023-12-07,0.0167,4.21
M0803,Movie 0803,1999,Crime,127,2023-12-08,0.022,3.68
M0369,Movie 0369,2003,Adventure,147,2023-12-09,0.0303,3.39
M0674,Movie 0674,2002,Animation,75,2023-12-10,0.0158,3.44
M0596,Movie 0596,2004,Sci-Fi,125,2023-12-11,0.0484,3.71
M0489,Movie 0489,1991,Comedy,104,2023-12-11,0.018,3.35
M0936,Movie 0936,2015,Romance,91,2023-12-12,0.0164,4.15
M0143,Movie 0143,2021,Romance,111,2023-12-12,0.005,3.07
M0240,Movie 0240,2007,Comedy,93,2023-12-12,0.0078,4.31
M0125,Movie 0125,2007,Crime,105,2023-12-12,0.0887,3.21
M0805,Movie 0805,2024,Crime,107,2023-12-12,0.1233,3.1
M0361,Movie 0361,2014,Documentary,105,2023-12-12,0.0883,3.34
M0510,Movie 0510,2012,Thriller,105,2023-12-13,0.0775,3.28
M0250,Movie 0250,2020,Adventure,98,2023-12-14,0.0146,3.83
M0324,Movie 0324,2002,Sci-Fi,104,2023-12-14,0.0002,2.09
M0139,Movie 0139,1993,Action,104,2023-12-14,0.0653,3.19
M0420,Movie 0420,2019,Crime,116,2023-12-14,0.9694,4.08
M0683,Movie 0683,2024,Documentary,70,2023-12-15,0.0246,3.16
M1024,Movie 1024,2020,Romance,129,2023-12-15,0.0182,3.73
M0794,Movie 0794,1993,Documentary,109,2023-12-16,0.0116,3.37
M0878,Movie 0878,2004,Thriller,118,2023-12-16,0.0744,3.06
M0645,Movie 0645,1996,Animation,79,2023-12-16,0.093,4.04
M0392,Movie 0392,2014,Action,99,2023-12-17,0.3303,3.03
M0168,Movie 0168,2008,Action,104,2023-12-17,0.0173,3.78
M1136,Movie 1136,2004,Fantasy,122,2023-12-17,0.1398,3.63
M0669,Movie 0669,2012,Animation,90,2023-12-17,0.0235,3.31
M0267,Movie 0267,2014,Adventure,97,2023-12-18,0.0759,3.79
M0306,Movie 0306,2006,Sci-Fi,100,2023-12-18,0.0492,3.29
M0595,Movie 0595,1991,Thriller,131,2023-12-18,0.0473,3.41
M0894,Movie 0894,1998,Thriller,127,2023-12-19,0.054,4.0
M1183,Movie 1183,2005,Romance,94,2023-12-19,0.0272,3.63
M0658,Movie 0658,1995,Comedy,143,2023-12-19,0.0063,3.62
M1150,Movie 1150,2019,Adventure,142,2023-12-20,0.0423,3.46
M0820,Movie 0820,2012,Romance,88,2023-12-20,0.0219,3.96
M0301,Movie 0301,2021,Documentary,89,2023-12-21,0.0266,3.87
M1126,Movie 1126,2021,Sci-Fi,120,2023-12-21,0.022,3.33
M0128,Movie 0128,2015,Crime,126,2023-12-21,0.0415,3.3
M0213,Movie 0213,2014,Thriller,124,2023-12-22,0.0319,3.26
M0802,Movie 0802,2016,Crime,134,2023-12-22,0.0355,3.26
M0708,Movie 0708,2016,Horror,94,2023-12-22,0.0637,2.88
M0286,Movie 0286,2021,Animation,119,2023-12-23,0.0098,3.16
M0860,Movie 0860,2023,Action,113,2023-12-23,0.0174,4.18
M0509,Movie 0509,2006,Crime,109,2023-12-23,0.0551,3.28
M0126,Movie 0126,2022,Comedy,114,2023-12-24,0.3632,3.14
M0123,Movie 0123,2023,Romance,114,2023-12-24,0.0138,3.78
M0438,Movie 0438,2015,Drama,119,2023-12-24,0.1019,2.39
M0689,Movie 0689,2020,Thriller,126,2023-12-24,0.0383,4.06
M0113,Movie 0113,2008,Comedy,118,2023-12-25,0.0575,3.54
M0960,Movie 0960,2006,Documentary,87,2023-12-26,0.0144,3.06
M0171,Movie 0171,2018,Action,126,2023-12-26,0.0394,4.6
M0191,Movie 0191,2026,Animation,96,2023-12-26,0.0695,3.23
M0916,Movie 0916,2025,Action,133,2023-12-26,0.0137,2.8
M0751,Movie 0751,2013,Action,116,2023-12-26,0.0264,3.56
M0087,Movie 0087,2014,Fantasy,140,2023-12-26,0.1713,3.71
M0362,Movie 0362,1993,Crime,123,2023-12-26,0.0264,3.76
M1074,Movie 1074,2008,Romance,129,2023-12-27,0.0623,3.49
M0089,Movie 0089,2006,Comedy,109,2023-12-27,0.0049,3.93
M0986,Movie 0986,2020,Documentary,120,2023-12-27,0.0114,3.41
M1034,Movie 1034,2011,Drama,122,2023-12-27,0.0066,3.68
M0678,Movie 0678,2008,Horror,118,2024-01-01,0.1525,3.69
M1138,Movie 1138,2009,Horror,90,2024-01-01,0.0353,3.97
M1173,Movie 1173,2014,Drama,117,2024-01-02,0.0278,3.39
M0070,Movie 0070,2011,Romance,97,2024-01-03,0.0148,2.87
M0585,Movie 0585,2007,Action,117,2024-01-03,0.0787,3.96
M1075,Movie 1075,1992,Thriller,89,2024-01-03,0.0419,4.24
M0304,Movie 0304,2008,Fantasy,129,2024-01-04,0.0328,3.08
M0468,Movie 0468,2007,Thriller,140,2024-01-06,0.0558,4.28
M0166,Movie 0166,2005,Romance,105,2024-01-06,0.0811,3.0
M0222,Movie 0222,2022,Family,93,2024-01-06,0.0062,2.23
M0037,Movie 0037,2021,Thriller,113,2024-01-07,0.0361,2.64
M0834,Movie 0834,1999,Action,95,2024-01-07,0.003,2.94
M0987,Movie 0987,2006,Thriller,120,2024-01-10,0.0161,2.77
M1014,Movie 1014,2016,Action,117,2024-01-11,0.0163,3.41
M0275,Movie 0275,2007,Thriller,108,2024-01-12,0.0116,2.82
M1001,Movie 1001,2006,Action,121,2024-01-13,0.0872,3.63
M1134,Movie 1134,1990,Comedy,105,2024-01-14,0.0976,3.86
M0640,Movie 0640,2005,Horror,99,2024-01-16,0.0014,4.0
M0980,Movie 0980,1996,Family,97,2024-01-17,0.0082,1.84
M0798,Movie 0798,2002,Action,121,2024-01-19,0.0135,3.17
M0789,Movie 0789,1990,Comedy,83,2024-01-23,0.0203,3.39
M0841,Movie 0841,2023,Adventure,118,2024-01-23,0.0837,3.81
M0320,Movie 0320,1996,Thriller,105,2024-01-24,0.0046,4.08
M0076,Movie 0076,1998,Action,108,2024-01-25,0.0874,3.77
M0372,Movie 0372,2024,Fantasy,133,2024-02-01,0.0168,3.92
M0913,Movie 0913,1996,Thriller,101,2024-02-02,0.0291,3.37
M1195,Movie 1195,1993,Action,129,2024-02-02,0.0482,3.23
M0146,Movie 0146,2000,Romance,130,2024-02-02,0.035,2.59
M1092,Movie 1092,1999,Action,134,2024-02-04,0.0222,2.78
M0952,Movie 0952,2005,Comedy,100,2024-02-05,0.0813,3.69
M0832,Movie 0832,2010,Comedy,90,2024-02-06,0.0287,4.23
M0990,Movie 0990,1998,Drama,115,2024-02-06,0.0159,2.48
M1191,Movie 1191,2026,Fantasy,127,2024-02-07,0.0334,3.95
M0855,Movie 0855,2015,Action,129,2024-02-08,0.0094,2.76
M0394,Movie 0394,2014,Family,68,2024-02-09,0.019,2.84
M1036,Movie 1036,2022,Thriller,122,2024-02-13,0.0303,3.39
M0666,Movie 0666,2008,Sci-Fi,149,2024-02-14,0.1572,4.48
M0731,Movie 0731,2002,Sci-Fi,101,2024-02-15,0.0211,3.71
M0395,Movie 0395,2008,Adventure,124,2024-02-17,0.015,2.93
M0002,Movie 0002,2000,Fantasy,137,2024-02-19,0.2134,4.04
M0705,Movie 0705,2013,Horror,91,2024-02-20,0.0238,3.12
M0552,Movie 0552,2005,Fantasy,124,2024-02-23,0.0217,2.51
M0629,Movie 0629,2010,Horror,134,2024-02-23,0.0224,3.4
M0606,Movie 0606,2016,Fantasy,133,2024-02-23,0.1319,3.81
M0660,Movie 0660,2023,Drama,139,2024-02-24,0.0272,3.69
M0838,Movie 0838,1993,Drama,107,2024-02-26,0.0434,3.87
M0706,Movie 0706,2024,Documentary,89,2024-02-27,0.0461,3.52
M0413,Movie 0413,2006,Documentary,102,2024-03-01,0.0291,3.37
M1083,Movie 1083,1990,Fantasy,134,2024-03-08,0.1503,3.89
M0896,Movie 0896,1999,Family,87,2024-03-09,0.0341,3.51
M0621,Movie 0621,1995,Romance,112,2024-03-09,0.0073,3.47
M0770,Movie 0770,2003,Horror,82,2024-03-13,0.0404,3.75
M0840,Movie 0840,2016,Drama,104,2024-03-15,0.028,3.53
M0349,Movie 0349,2007,Thriller,95,2024-03-16,0.069,3.49
M1189,Movie 1189,2023,Fantasy,130,2024-03-17,0.0088,2.87
M0184,Movie 0184,2012,Comedy,90,2024-03-19,0.0135,2.9
M0868,Movie 0868,2010,Animation,74,2024-03-21,0.0038,3.83
M0544,Movie 0544,1997,Comedy,89,2024-03-21,0.144,3.9
M0984,Movie 0984,2018,Thriller,104,2024-03-23,0.0103,4.03
M0676,Movie 0676,2014,Crime,115,2024-03-23,0.0063,3.54
M1097,Movie 1097,2019,Animation,99,2024-04-02,0.0966,3.64
M1167,Movie 1167,2002,Adventure,133,2024-04-04,0.0641,3.62
M0042,Movie 0042,2013,Comedy,72,2024-04-05,0.0141,3.48
M0771,Movie 0771,1998,Family,84,2024-04-07,0.032,2.94
M0538,Movie 0538,2012,Action,111,2024-04-09,0.0216,4.13
M1107,Movie 1107,2007,Thriller,121,2024-04-14,0.2029,3.46
M0479,Movie 0479,2006,Thriller,117,2024-04-14,0.008,3.25
M1094,Movie 1094,1991,Horror,82,2024-04-16,0.0073,2.9
M0230,Movie 0230,2021,Drama,130,2024-04-18,0.0352,2.75
M0010,Movie 0010,2024,Crime,123,2024-04-18,0.0241,3.42
M0053,Movie 0053,2018,Horror,105,2024-04-20,0.0035,3.85
M0121,Movie 0121,1998,Comedy,90,2024-04-22,0.0644,3.11
M0456,Movie 0456,2002,Crime,96,2024-04-24,0.0007,3.39
M0101,Movie 0101,2018,Action,141,2024-04-27,0.038,3.9
M1051,Movie 1051,2012,Documentary,100,2024-05-04,0.1625,3.91
M0582,Movie 0582,1995,Drama,104,2024-05-05,0.162,3.45
M0095,Movie 0095,1998,Adventure,89,2024-05-08,0.0042,2.95
M0290,Movie 0290,1993,Thriller,101,2024-05-10,0.0452,3.1
M0261,Movie 0261,2010,Adventure,87,2024-05-11,0.0125,3.31
M0515,Movie 0515,1995,Sci-Fi,166,2024-05-11,0.0475,3.06
M0492,Movie 0492,2008,Family,113,2024-05-13,0.0452,4.1
M0783,Movie 0783,2010,Thriller,118,2024-05-13,0.069,3.28
M0753,Movie 0753,2023,Romance,86,2024-05-14,0.0163,4.42
M0288,Movie 0288,2008,Documentary,109,2024-05-14,0.0354,3.29
M0248,Movie 0248,2005,Fantasy,108,2024-05-15,0.0247,3.42
M0172,Movie 0172,1993,Thriller,109,2024-05-17,0.0091,3.15
M0093,Movie 0093,2000,Action,124,2024-05-18,0.0475,3.37
M0602,Movie 0602,1995,Horror,109,2024-05-20,0.0225,3.42
M0321,Movie 0321,1995,Thriller,100,2024-05-22,0.0172,3.65
M1118,Movie 1118,2006,Comedy,70,2024-05-24,0.0594,3.35
M0707,Movie 0707,2017,Romance,109,2024-05-26,0.0048,3.33
M0016,Movie 0016,1999,Comedy,89,2024-05-27,0.0388,3.62
M0928,Movie 0928,2011,Adventure,132,2024-05-27,0.0759,4.24
M0436,Movie 0436,2000,Horror,110,2024-06-01,0.1022,3.45
M0358,Movie 0358,2018,Documentary,89,2024-06-05,0.0384,2.79
M0221,Movie 0221,2016,Adventure,106,2024-06-05,0.0246,3.75
M0598,Movie 0598,1994,Drama,108,2024-06-06,0.0205,2.77
M0199,Movie 0199,1991,Crime,104,2024-06-08,0.0088,2.77
M0265,Movie 0265,2006,Thriller,113,2024-06-09,0.0256,4.47
M0754,Movie 0754,1992,Comedy,90,2024-06-13,0.0092,3.1
M0908,Movie 0908,2006,Action,101,2024-06-15,0.1114,3.0
M0163,Movie 0163,1990,Animation,83,2024-06-18,0.0713,3.27
M0059,Movie 0059,1995,Drama,123,2024-06-20,0.2434,3.75
M0023,Movie 0023,2004,Animation,110,2024-06-22,0.2714,4.01
M0084,Movie 0084,1991,Romance,102,2024-06-22,0.0219,3.66
M0375,Movie 0375,2009,Animation,106,2024-06-23,0.0378,3.5
M1091,Movie 1091,2005,Thriller,136,2024-06-27,0.2409,3.48
M0202,Movie 0202,2022,Documentary,90,2024-07-03,0.0104,3.5
M0562,Movie 0562,2016,Family,113,2024-07-05,0.0048,3.74
M0550,Movie 0550,2026,Adventure,113,2024-07-05,0.0059,4.58
M0652,Movie 0652,2010,Action,111,2024-07-07,0.0338,3.97
M0867,Movie 0867,1997,Comedy,97,2024-07-07,0.1262,3.88
M0328,Movie 0328,1999,Comedy,75,2024-07-10,0.156,3.61
M0807,Movie 0807,2005,Action,108,2024-07-11,0.0217,3.03
M0670,Movie 0670,2008,Sci-Fi,135,2024-07-11,0.0277,3.23
M0164,Movie 0164,1996,Thriller,120,2024-07-15,0.1489,3.95
M0584,Movie 0584,2014,Horror,77,2024-07-15,0.2575,3.15
M0345,Movie 0345,2004,Romance,129,2024-07-15,0.0051,1.82
M0220,Movie 0220,2017,Crime,117,2024-07-18,0.0746,2.73
M0920,Movie 0920,2019,Drama,99,2024-07-20,0.0676,3.61
M0769,Movie 0769,1990,Action,100,2024-07-21,0.0704,2.7
M0967,Movie 0967,1993,Documentary,83,2024-07-22,0.0442,3.61
M0251,Movie 0251,2018,Family,85,2024-07-24,0.0243,3.46
M0973,Movie 0973,2001,Adventure,126,2024-07-25,0.0665,2.94
M0334,Movie 0334,2008,Romance,120,2024-07-27,0.104,3.21
M1149,Movie 1149,2016,Comedy,126,2024-08-02,0.0206,3.49
M0284,Movie 0284,1996,Thriller,124,2024-08-02,0.0694,3.14
M0314,Movie 0314,1999,Comedy,105,2024-08-03,0.0262,3.47
M0837,Movie 0837,2025,Family,106,2024-08-04,0.1851,2.82
M0842,Movie 0842,1998,Thriller,143,2024-08-08,0.0179,2.48
M0186,Movie 0186,1993,Sci-Fi,131,2024-08-08,0.0133,4.5
M0309,Movie 0309,2013,Comedy,111,2024-08-10,0.0138,3.53
M0856,Movie 0856,2014,Fantasy,111,2024-08-11,0.087,3.87
M0991,Movie 0991,1997,Comedy,108,2024-08-11,0.0083,2.9
M0001,Movie 0001,2015,Horror,95,2024-08-12,0.1548,3.59
M0192,Movie 0192,2005,Adventure,127,2024-08-13,0.0432,2.9
M0150,Movie 0150,2019,Drama,87,2024-08-18,0.0095,2.9
M0431,Movie 0431,2001,Drama,115,2024-08-20,0.0203,4.29
M0354,Movie 0354,2016,Action,116,2024-08-22,0.0204,4.41
M1137,Movie 1137,2004,Drama,128,2024-08-23,0.0573,3.31
M0448,Movie 0448,1991,Action,110,2024-08-24,0.0419,4.52
M0429,Movie 0429,2016,Fantasy,152,2024-08-24,0.1325,3.56
M0955,Movie 0955,2006,Thriller,116,2024-08-25,0.0086,3.15
M0727,Movie 0727,2026,Thriller,95,2024-08-26,0.043,3.31
M0983,Movie 0983,2017,Crime,100,2024-09-03,0.1138,3.76
M0151,Movie 0151,2019,Thriller,103,2024-09-04,0.0132,3.73
M0011,Movie 0011,2018,Documentary,78,2024-09-10,0.0285,2.44
M0475,Movie 0475,2026,Comedy,93,2024-09-10,0.124,4.58
M0044,Movie 0044,2000,Thriller,145,2024-09-13,0.1421,4.43
M0715,Movie 0715,1994,Sci-Fi,134,2024-09-13,0.0946,3.45
M0505,Movie 0505,2024,Romance,91,2024-09-13,0.0158,3.32
M1000,Movie 1000,2023,Horror,98,2024-09-15,0.0089,3.47
M0004,Movie 0004,1994,Adventure,139,2024-09-22,0.0208,3.56
M0574,Movie 0574,2026,Crime,127,2024-09-22,0.0144,3.32
M1072,Movie 1072,1990,Sci-Fi,122,2024-09-22,0.0343,3.39
M1077,Movie 1077,2018,Fantasy,115,2024-09-22,0.0191,4.1
M1070,Movie 1070,2008,Family,86,2024-09-23,0.0337,3.75
M1174,Movie 1174,1993,Sci-Fi,118,2024-09-23,0.0029,3.16
M0357,Movie 0357,2019,Adventure,126,2024-09-25,0.0445,3.49
M0419,Movie 0419,1999,Sci-Fi,123,2024-09-27,0.0299,3.39
M0977,Movie 0977,1995,Action,105,2024-09-27,0.0545,4.03
M0812,Movie 0812,1996,Documentary,92,2024-10-03,0.1449,3.49
M0497,Movie 0497,2009,Family,111,2024-10-06,0.0175,2.7
M0013,Movie 0013,2008,Sci-Fi,142,2024-10-06,0.0676,2.87
M0992,Movie 0992,2001,Documentary,86,2024-10-07,0.0037,4.33
M0907,Movie 0907,2008,Action,132,2024-10-07,0.0147,3.95
M0525,Movie 0525,2022,Action,110,2024-10-07,0.0191,3.36
M0401,Movie 0401,1994,Family,89,2024-10-09,0.0098,3.04
M1169,Movie 1169,2008,Fantasy,116,2024-10-10,0.0351,4.07
M0305,Movie 0305,2018,Documentary,89,2024-10-12,0.0378,3.93
M0418,Movie 0418,2024,Horror,105,2024-10-16,0.0705,2.72
M0027,Movie 0027,1990,Action,135,2024-10-18,0.0449,3.34
M0749,Movie 0749,2011,Adventure,151,2024-10-18,0.0079,2.97
M1140,Movie 1140,2007,Drama,127,2024-10-18,0.0265,3.05
M0140,Movie 0140,2011,Thriller,104,2024-10-23,0.0277,2.93
M0148,Movie 0148,2002,Comedy,93,2024-10-25,0.0113,3.24
M0272,Movie 0272,2026,Sci-Fi,92,2024-10-27,0.0268,4.1
M0895,Movie 0895,2002,Sci-Fi,126,2024-11-03,0.0129,3.08
M0735,Movie 0735,2014,Animation,113,2024-11-05,0.0121,4.51
M0808,Movie 0808,1998,Action,128,2024-11-06,0.0232,4.4
M0415,Movie 0415,2019,Action,116,2024-11-07,0.0917,3.32
M0329,Movie 0329,2019,Romance,116,2024-11-09,0.0014,4.01
M0153,Movie 0153,2003,Horror,74,2024-11-13,0.0038,3.28
M0726,Movie 0726,2015,Comedy,72,2024-11-17,0.0026,4.01
M0282,Movie 0282,1997,Adventure,114,2024-11-18,0.0349,2.89
M0400,Movie 0400,2000,Fantasy,137,2024-11-20,0.03,3.76
M0434,Movie 0434,2005,Fantasy,130,2024-11-22,0.0607,3.2
M0572,Movie 0572,1991,Documentary,110,2024-11-23,0.0995,2.25
M1135,Movie 1135,2026,Documentary,79,2024-11-24,0.0695,3.27
M1052,Movie 1052,1995,Thriller,102,2024-11-26,0.0238,3.59
M1181,Movie 1181,1998,Animation,99,2024-12-02,0.0608,3.09
M0129,Movie 0129,2004,Fantasy,111,2024-12-03,0.0089,3.25
M0821,Movie 0821,2000,Drama,94,2024-12-03,0.0214,4.23
M0591,Movie 0591,2025,Fantasy,123,2024-12-04,0.0302,3.68
M0698,Movie 0698,2022,Romance,116,2024-12-05,0.0277,3.91
M1172,Movie 1172,2019,Comedy,72,2024-12-08,0.0112,2.79
M0800,Movie 0800,1996,Crime,118,2024-12-08,0.1994,3.43
M0650,Movie 0650,1997,Drama,94,2024-12-11,0.0469,3.57
M0839,Movie 0839,2001,Romance,104,2024-12-12,0.2539,3.39
M0945,Movie 0945,2012,Thriller,115,2024-12-13,0.2157,4.12
M0909,Movie 0909,2014,Horror,79,2024-12-13,0.0875,3.24
M0311,Movie 0311,2003,Family,98,2024-12-14,0.0685,3.64
M0874,Movie 0874,2001,Documentary,98,2024-12-15,0.0305,2.47
M0432,Movie 0432,2004,Sci-Fi,130,2024-12-16,0.0038,3.26
M0536,Movie 0536,1999,Sci-Fi,116,2024-12-17,0.0061,2.79
M0080,Movie 0080,2009,Crime,150,2024-12-21,0.0445,3.73
M0173,Movie 0173,2012,Animation,106,2024-12-22,0.0111,3.42
M0179,Movie 0179,2002,Comedy,112,2024-12-22,0.0299,2.74
M0390,Movie 0390,2010,Romance,93,2024-12-24,0.1426,4.02
M0846,Movie 0846,2001,Thriller,128,2024-12-25,0.1209,3.84
M0427,Movie 0427,1998,Sci-Fi,139,2024-12-25,0.0027,2.73
M0653,Movie 0653,1999,Horror,103,2024-12-26,0.0108,3.62
M0597,Movie 0597,2022,Documentary,102,2024-12-27,0.031,4.18
M0110,Movie 0110,2001,Horror,98,2025-01-11,0.0813,3.54
M0478,Movie 0478,2019,Romance,120,2025-01-24,0.0054,3.19
M0625,Movie 0625,2020,Drama,120,2025-01-26,0.0562,3.08
M0264,Movie 0264,2023,Drama,112,2025-01-27,0.0077,3.47
M0383,Movie 0383,2015,Horror,125,2025-02-01,0.1583,3.43
M0484,Movie 0484,2013,Drama,138,2025-02-05,0.0108,3.91
M0174,Movie 0174,2002,Fantasy,121,2025-02-07,0.059,3.28
M0898,Movie 0898,2003,Thriller,111,2025-02-08,0.0118,4.35
M0791,Movie 0791,1998,Comedy,87,2025-02-09,0.0489,3.03
M0483,Movie 0483,2021,Thriller,123,2025-02-14,0.0529,2.89
M0072,Movie 0072,1992,Adventure,112,2025-02-16,0.0787,3.46
M0402,Movie 0402,1990,Thriller,139,2025-02-17,0.0377,3.92
M0090,Movie 0090,1991,Horror,85,2025-02-21,0.0118,4.17
M0216,Movie 0216,2014,Thriller,160,2025-02-21,0.0099,3.47
M0851,Movie 0851,1999,Family,117,2025-02-27,0.2041,3.61
M0457,Movie 0457,2019,Documentary,100,2025-02-27,0.4162,2.2
M1071,Movie 1071,2002,Sci-Fi,156,2025-03-12,0.0142,3.49
M0339,Movie 0339,2000,Documentary,89,2025-03-14,0.0628,3.91
M0453,Movie 0453,2000,Fantasy,130,2025-03-18,0.0115,3.31
M0091,Movie 0091,2014,Family,119,2025-03-25,0.0402,3.16
M0710,Movie 0710,1992,Crime,114,2025-03-27,0.0309,3.27
M0978,Movie 0978,1992,Crime,105,2025-03-27,0.4967,3.43
M1019,Movie 1019,2008,Action,115,2025-04-01,0.0328,3.74
M1102,Movie 1102,1999,Thriller,111,2025-04-06,0.0737,3.91
M0869,Movie 0869,2020,Family,115,2025-04-06,0.0208,2.74
M0934,Movie 0934,2000,Drama,103,2025-04-06,0.0069,3.56
M0745,Movie 0745,2026,Fantasy,114,2025-04-13,0.0731,4.0
M0348,Movie 0348,2020,Comedy,96,2025-04-15,0.0061,4.54
M0724,Movie 0724,1994,Sci-Fi,121,2025-04-15,0.0144,3.8
M0289,Movie 0289,1990,Drama,99,2025-04-16,0.082,3.7
M1002,Movie 1002,2000,Fantasy,113,2025-04-18,0.2947,3.1
M1151,Movie 1151,1994,Adventure,132,2025-04-21,0.0286,3.85
M0542,Movie 0542,2003,Drama,102,2025-04-23,0.0657,3.58
M0695,Movie 0695,2017,Sci-Fi,118,2025-05-02,0.0367,2.94
M0469,Movie 0469,2000,Crime,120,2025-05-04,0.0276,2.86
M1110,Movie 1110,2011,Drama,108,2025-05-09,0.0207,3.21
M0915,Movie 0915,2001,Drama,97,2025-05-14,0.0793,3.34
M0779,Movie 0779,2007,Action,111,2025-05-14,0.0437,4.19
M0409,Movie 0409,2000,Comedy,119,2025-05-15,0.0447,3.88
M0957,Movie 0957,1992,Thriller,99,2025-05-15,0.0158,3.69
M0615,Movie 0615,2006,Drama,119,2025-06-02,0.0482,3.3
M1048,Movie 1048,2004,Animation,94,2025-06-10,0.0119,3.88
M0069,Movie 0069,2007,Horror,101,2025-06-14,0.0273,4.32
M0051,Movie 0051,2002,Documentary,80,2025-06-19,0.0292,3.14
M0316,Movie 0316,2000,Drama,135,2025-06-23,0.0493,3.16
M0976,Movie 0976,2012,Sci-Fi,115,2025-07-01,0.0027,3.18
M0232,Movie 0232,2020,Thriller,102,2025-07-09,0.0082,3.87
M0828,Movie 0828,1991,Comedy,86,2025-07-11,0.0354,4.87
M0498,Movie 0498,1998,Drama,116,2025-07-12,0.0063,3.01
M0189,Movie 0189,1998,Sci-Fi,112,2025-07-12,0.0234,2.82
M0442,Movie 0442,2018,Sci-Fi,125,2025-07-13,0.0763,4.16
M0531,Movie 0531,2010,Horror,105,2025-07-17,0.0242,3.25
M0302,Movie 0302,1993,Thriller,134,2025-07-20,0.0073,3.25
M0825,Movie 0825,1997,Comedy,122,2025-07-22,0.1207,2.93
M0938,Movie 0938,2023,Adventure,108,2025-07-22,0.0283,3.27
M0693,Movie 0693,2001,Adventure,125,2025-08-02,0.0375,3.19
M0133,Movie 0133,2002,Documentary,93,2025-08-05,0.0153,3.32
M0504,Movie 0504,2000,Family,119,2025-08-09,0.0249,2.63
M0293,Movie 0293,1997,Adventure,121,2025-08-18,0.0238,3.31
M0833,Movie 0833,2013,Thriller,119,2025-08-23,0.0092,4.43
M0147,Movie 0147,1991,Family,96,2025-09-03,0.0236,3.95
M0470,Movie 0470,2000,Action,127,2025-09-03,0.0995,3.34
M0529,Movie 0529,1998,Romance,95,2025-09-06,0.0366,3.54
M0758,Movie 0758,2008,Action,129,2025-09-08,0.0113,4.15
M0514,Movie 0514,2019,Documentary,75,2025-09-10,0.0218,3.77
M0296,Movie 0296,2022,Comedy,81,2025-09-13,0.0203,4.34
M1144,Movie 1144,2016,Drama,131,2025-09-21,0.0291,4.26
M0762,Movie 0762,1993,Family,101,2025-09-21,0.0433,3.73
M0511,Movie 0511,1999,Documentary,82,2025-09-21,0.0685,3.58
M0118,Movie 0118,2022,Drama,123,2025-09-22,0.0078,2.9
M0880,Movie 0880,2020,Comedy,129,2025-09-25,0.0193,3.26
M0801,Movie 0801,2013,Animation,127,2025-10-04,0.0411,3.48
M0736,Movie 0736,1995,Animation,101,2025-10-06,0.0675,3.34
M0797,Movie 0797,2016,Thriller,84,2025-10-11,0.0205,3.59
M0612,Movie 0612,2014,Adventure,145,2025-10-18,0.0414,3.44
M0696,Movie 0696,1993,Action,114,2025-10-23,0.0064,3.96
M0782,Movie 0782,2026,Drama,110,2025-10-25,0.0065,3.8
M0643,Movie 0643,2021,Animation,106,2025-10-26,0.0742,4.39
M0866,Movie 0866,2013,Drama,120,2025-11-02,0.2901,3.86
M0181,Movie 0181,2015,Action,114,2025-11-04,0.0713,3.35
M1113,Movie 1113,2005,Family,88,2025-11-07,0.131,4.23
M0730,Movie 0730,2002,Crime,103,2025-11-11,0.045,3.13
M0161,Movie 0161,1992,Horror,90,2025-11-13,0.01,3.1
M0252,Movie 0252,2019,Sci-Fi,114,2025-11-14,0.0351,3.77
M0716,Movie 0716,2025,Horror,79,2025-11-17,0.0245,3.02
M0877,Movie 0877,2009,Sci-Fi,134,2025-11-22,0.0305,3.46
M1129,Movie 1129,1996,Fantasy,117,2025-11-22,0.0235,3.29
M0720,Movie 0720,2004,Drama,106,2025-11-27,0.0576,3.4
M1108,Movie 1108,2007,Fantasy,136,2025-12-03,0.0318,3.28
M0096,Movie 0096,2004,Thriller,120,2025-12-07,0.1084,4.2
M1031,Movie 1031,2001,Thriller,107,2025-12-08,0.0049,3.73
M1084,Movie 1084,2009,Thriller,115,2025-12-12,0.0056,2.97
M0911,Movie 0911,2001,Crime,120,2025-12-14,0.0678,2.54
M0393,Movie 0393,2010,Animation,88,2026-01-10,0.0386,3.55
M0744,Movie 0744,1995,Action,129,2026-01-13,0.0163,3.73
M0566,Movie 0566,2016,Thriller,103,2026-01-14,0.27,3.73
M0850,Movie 0850,2019,Sci-Fi,98,2026-01-20,0.0234,3.53
M0543,Movie 0543,2021,Fantasy,124,2026-01-21,0.0845,3.81
M0203,Movie 0203,1993,Sci-Fi,129,2026-01-24,0.0167,3.23
M0884,Movie 0884,2017,Action,124,2026-02-02,0.0315,3.61
M0818,Movie 0818,1995,Action,132,2026-02-12,0.0883,2.88
M0932,Movie 0932,2019,Drama,93,2026-02-15,0.0226,2.3
M0117,Movie 0117,2014,Comedy,124,2026-02-17,0.0828,3.42
M1146,Movie 1146,2026,Sci-Fi,112,2026-02-20,0.1467,2.46
M0491,Movie 0491,2022,Comedy,111,2026-02-23,0.0098,3.88
M0307,Movie 0307,1995,Adventure,141,2026-02-27,0.0808,3.69
M1026,Movie 1026,2018,Thriller,116,2026-03-01,0.0382,4.45
M0704,Movie 0704,2025,Animation,86,2026-03-03,0.0061,3.92
M0688,Movie 0688,2012,Sci-Fi,78,2026-03-03,0.0809,2.91
M1039,Movie 1039,2009,Action,113,2026-03-06,0.0582,3.28
M0313,Movie 0313,2007,Drama,134,2026-03-12,0.0261,3.2
M1194,Movie 1194,1994,Action,119,2026-04-02,0.0762,4.15
M0555,Movie 0555,1995,Thriller,106,2026-04-06,0.1024,4.32
M0500,Movie 0500,2000,Sci-Fi,133,2026-04-08,0.1003,3.39
M0702,Movie 0702,2005,Comedy,80,2026-04-09,0.0534,3.05
M0568,Movie 0568,2007,Drama,108,2026-04-09,0.4333,4.03
M1029,Movie 1029,2002,Crime,115,2026-04-13,0.0223,2.68
M1128,Movie 1128,2004,Comedy,76,2026-04-15,0.0364,2.49
M0149,Movie 0149,2024,Drama,122,2026-04-22,0.2028,3.04
M1180,Movie 1180,2008,Action,134,2026-05-05,0.1954,2.47
M1067,Movie 1067,1995,Horror,111,2026-05-26,0.0583,2.07
M0458,Movie 0458,2024,Sci-Fi,114,2026-05-26,0.0547,4.45
M0512,Movie 0512,1998,Comedy,125,2026-06-15,0.0186,3.14
M0781,Movie 0781,2022,Crime,122,2026-06-17,0.009,2.64
M0857,Movie 0857,2012,Comedy,90,2026-06-24,0.0402,3.19
M0012,Movie 0012,1990,Family,91,2026-06-25,0.0954,2.7
M0937,Movie 0937,2020,Thriller,115,2026-06-27,0.1023,3.03
M0995,Movie 0995,1995,Animation,81,2026-07-05,0.0862,3.22
M0804,Movie 0804,2003,Horror,86,2026-07-08,0.4324,2.5
M0407,Movie 0407,2008,Drama,111,2026-07-16,0.0761,3.85
M0558,Movie 0558,1990,Action,115,2026-08-02,0.1105,3.12
M0229,Movie 0229,2022,Drama,138,2026-08-13,0.028,3.32
M0356,Movie 0356,1992,Fantasy,128,2026-08-19,0.0353,3.76
M0303,Movie 0303,2017,Romance,100,2026-08-22,0.0231,4.1
M1023,Movie 1023,2012,Documentary,97,2026-09-02,0.0257,3.25
M0673,Movie 0673,2006,Fantasy,112,2026-09-17,0.019,3.74
M0224,Movie 0224,2018,Crime,122,2026-09-17,0.0372,3.38
M0790,Movie 0790,1998,Drama,102,2026-09-24,0.0166,3.71
M1156,Movie 1156,2026,Fantasy,129,2026-10-03,0.0793,3.63
M1106,Movie 1106,2006,Thriller,95,2026-10-13,0.0144,3.49
M0300,Movie 0300,1997,Adventure,143,2026-10-17,0.0445,3.84
M0668,Movie 0668,1991,Comedy,60,2026-10-24,0.0356,3.46
M0810,Movie 0810,2009,Action,104,2026-11-02,0.0136,3.6
M0312,Movie 0312,2002,Drama,102,2026-11-13,0.0191,3.52
M0337,Movie 0337,1998,Comedy,105,2026-11-19,0.0187,4.48
M0437,Movie 0437,1995,Horror,116,2026-12-11,0.0681,3.04
M0636,Movie 0636,2010,Documentary,89,2026-12-11,0.0575,3.73
M0271,Movie 0271,2017,Horror,113,2026-12-16,0.1011,2.86
